Date,Ticker,Open,High,Low,Close,Adj Close,Volume
2025-10-06,AA,34.96,35.49,33.77,33.79,33.79,5365897.0
2025-10-07,AA,34.065,35.865,34.0201,35.53,35.53,11291420.0
2025-10-08,AA,36.48,37.58,36.39,37.06,37.06,10564561.0
2025-10-09,AA,37.905,38.09,36.78,37.0,37.0,9032966.0
2025-10-10,AA,37.08,37.35,35.01,35.02,35.02,7317646.0
2025-10-13,AA,36.41,36.9,35.61,36.25,36.25,6299549.0
2025-10-14,AA,35.45,36.415,35.13,35.75,35.75,5867052.0
2025-10-15,AA,36.35,36.66,35.615,36.46,36.46,5311014.0
2025-10-16,AA,36.7,37.9,36.55,37.13,37.13,5977998.0
2025-10-17,AA,36.69,36.759,35.64,35.97,35.97,4397913.0
2025-10-20,AA,36.51,39.28,36.34,38.96,38.96,10907912.0
2025-10-21,AA,37.94,38.0,36.07,37.23,37.23,8781521.0
2025-10-22,AA,37.38,37.53,35.45,35.65,35.65,9566779.0
2025-10-23,AA,37.685,41.55,37.685,40.14,40.14,20278197.0
2025-10-24,AA,38.48,39.98,37.78,39.42,39.42,10623384.0
2025-10-27,AA,39.74,40.81,39.3417,39.9,39.9,7207004.0
2025-10-28,AA,39.745,39.94,39.09,39.31,39.31,6073428.0
2025-10-29,AA,39.95,40.0,38.7,38.91,38.91,6292776.0
2025-10-30,AA,37.945,38.0,36.3,36.76,36.76,10180221.0
2025-10-31,AA,37.02,37.02,36.42,36.79,36.79,4578328.0
2025-11-03,AA,37.0,37.34,36.595,37.2,37.2,5225603.0
2025-11-04,AA,35.91,36.6727,35.215,35.26,35.26,4886109.0
2025-11-05,AA,35.48,36.26,35.26,35.74,35.74,5215141.0
2025-11-06,AA,36.02,37.5,35.8,36.7,36.7,8742045.0
2025-11-07,AA,36.07,37.58,35.54,37.32,37.32,4693758.0
2025-11-10,AA,38.5,39.17,38.22,38.79,38.79,5676473.0
2025-11-11,AA,38.8,38.875,37.355,37.48,37.48,4301533.0
2025-11-12,AA,38.165,40.38,38.145,40.03,40.03,8544680.0
2025-11-13,AA,40.0531,40.25,37.69,38.19,38.19,7396132.0
2025-11-14,AA,36.83,38.145,36.42,37.59,37.59,4371664.0
2025-11-17,AA,37.02,37.04,35.36,35.78,35.78,6772240.0
2025-11-18,AA,35.45,36.87,35.17,36.55,36.55,5739871.0
2025-11-19,AA,36.53,37.16,36.23,36.72,36.72,4079299.0
2025-11-20,AA,37.4,38.28,35.55,35.83,35.83,5687481.0
2025-11-21,AA,35.715,36.965,35.12,36.34,36.34,5183018.0
2025-11-24,AA,36.98,38.835,36.63,38.72,38.72,4911601.0
2025-11-25,AA,38.87,39.76,38.49,39.2,39.2,5009117.0
2025-11-26,AA,39.695,42.16,39.6,41.57,41.57,7661971.0
2025-11-28,AA,42.11,42.17,41.48,41.74,41.74,3768964.0
2025-12-01,AA,41.845,42.73,41.45,41.65,41.65,7454908.0
2025-12-02,AA,41.66,42.229,41.3,41.45,41.45,5932400.0
2025-12-03,AA,42.4,44.96,42.32,44.1,44.1,8937510.0
2025-12-04,AA,43.9,44.46,43.52,44.01,44.01,5537510.0
2025-10-06,ACAD,21.8,21.9398,21.32,21.59,21.59,2178261.0
2025-10-07,ACAD,21.61,21.955,21.42,21.54,21.54,2244203.0
2025-10-08,ACAD,21.71,21.71,21.19,21.31,21.31,1817163.0
2025-10-09,ACAD,21.27,21.33,20.57,20.63,20.63,1993754.0
2025-10-10,ACAD,20.96,20.96,20.015,20.06,20.06,2854316.0
2025-10-13,ACAD,20.59,20.77,19.69,20.06,20.06,2568773.0
2025-10-14,ACAD,19.86,20.47,19.72,20.36,20.36,2571054.0
2025-10-15,ACAD,20.41,21.92,20.41,21.74,21.74,2753391.0
2025-10-16,ACAD,21.79,22.1,20.46,20.62,20.62,2807128.0
2025-10-17,ACAD,20.46,21.07,20.33,20.89,20.89,2115920.0
2025-10-20,ACAD,21.05,21.34,20.75,20.94,20.94,1660479.0
2025-10-21,ACAD,21.14,21.35,20.8112,21.27,21.27,1515268.0
2025-10-22,ACAD,21.27,21.41,20.875,21.39,21.39,1461722.0
2025-10-23,ACAD,21.27,21.75,21.07,21.73,21.73,1621214.0
2025-10-24,ACAD,21.81,22.19,21.475,22.02,22.02,1383780.0
2025-10-27,ACAD,22.25,23.01,21.96,22.99,22.99,2210764.0
2025-10-28,ACAD,22.99,23.045,22.55,22.62,22.62,1330735.0
2025-10-29,ACAD,22.55,22.92,22.048,22.53,22.53,2081368.0
2025-10-30,ACAD,22.24,22.88,22.1501,22.74,22.74,1190343.0
2025-10-31,ACAD,22.55,22.905,22.25,22.7,22.7,1416277.0
2025-11-03,ACAD,22.5,22.78,21.87,22.37,22.37,1815849.0
2025-11-04,ACAD,21.98,22.2,21.72,21.85,21.85,1385840.0
2025-11-05,ACAD,21.76,22.52,21.68,22.33,22.33,2342153.0
2025-11-06,ACAD,23.58,23.58,20.64,21.65,21.65,2314251.0
2025-11-07,ACAD,21.88,22.73,21.61,22.57,22.57,1558901.0
2025-11-10,ACAD,22.8,22.895,22.08,22.2,22.2,1432059.0
2025-11-11,ACAD,22.14,23.83,22.0,23.72,23.72,1673552.0
2025-11-12,ACAD,23.48,24.39,23.38,24.13,24.13,2390569.0
2025-11-13,ACAD,23.96,24.39,23.49,23.64,23.64,2046048.0
2025-11-14,ACAD,23.29,24.11,23.2,24.02,24.02,1241111.0
2025-11-17,ACAD,23.65,24.5,23.34,24.01,24.01,1207113.0
2025-11-18,ACAD,23.69,24.075,23.5,23.8,23.8,1613746.0
2025-11-19,ACAD,23.61,23.725,22.85,23.1,23.1,1449537.0
2025-11-20,ACAD,23.49,23.61,22.81,22.9,22.9,1148764.0
2025-11-21,ACAD,23.04,23.98,22.84,23.56,23.56,1353669.0
2025-11-24,ACAD,23.57,23.925,23.1,23.9,23.9,1837394.0
2025-11-25,ACAD,24.07,24.66,24.0,24.39,24.39,1143446.0
2025-11-26,ACAD,24.22,25.2,24.2,24.81,24.81,1880081.0
2025-11-28,ACAD,24.93,25.12,24.56,25.04,25.04,563252.0
2025-12-01,ACAD,24.74,25.21,24.585,24.85,24.85,1077163.0
2025-12-02,ACAD,25.24,25.675,24.87,25.43,25.43,1726438.0
2025-12-03,ACAD,25.51,26.12,25.29,25.88,25.88,1436234.0
2025-12-04,ACAD,25.57,26.76,25.4,26.55,26.55,1811933.0
2025-10-06,ACM,129.455,129.92,127.61,129.52,129.52,652626.0
2025-10-07,ACM,129.99,130.34,128.0,129.43,129.43,1097607.0
2025-10-08,ACM,130.82,133.2,129.55,132.64,132.64,695605.0
2025-10-09,ACM,133.19,133.3853,129.2601,131.29,131.29,624721.0
2025-10-10,ACM,131.15,131.7926,128.68,128.8,128.8,738726.0
2025-10-13,ACM,130.115,132.77,130.0,131.55,131.55,813676.0
2025-10-14,ACM,130.425,132.995,129.75,132.55,132.55,777396.0
2025-10-15,ACM,133.15,133.845,132.0,132.81,132.81,632257.0
2025-10-16,ACM,133.38,133.4,130.57,131.0,131.0,736141.0
2025-10-17,ACM,131.0,132.03,129.82,130.87,130.87,913896.0
2025-10-20,ACM,131.775,134.5083,131.58,133.65,133.65,852692.0
2025-10-21,ACM,133.655,134.88,132.915,134.22,134.22,589538.0
2025-10-22,ACM,134.415,134.54,129.8,130.17,130.17,935474.0
2025-10-23,ACM,129.88,132.98,129.88,132.49,132.49,394640.0
2025-10-24,ACM,133.26,134.46,132.8,132.88,132.88,645463.0
2025-10-27,ACM,134.5199,134.5199,131.86,132.55,132.55,611665.0
2025-10-28,ACM,132.26,133.3,131.05,132.31,132.31,530269.0
2025-10-29,ACM,133.0,134.7,131.65,133.48,133.48,699655.0
2025-10-30,ACM,132.68,134.9999,132.44,133.66,133.66,615567.0
2025-10-31,ACM,133.255,135.0,132.885,134.35,134.35,1213812.0
2025-11-03,ACM,133.775,133.92,131.7,131.76,131.76,952525.0
2025-11-04,ACM,129.802,131.59,128.2988,130.81,130.81,623754.0
2025-11-05,ACM,131.015,132.815,130.58,132.21,132.21,722332.0
2025-11-06,ACM,132.32,133.065,129.38,130.15,130.15,659235.0
2025-11-07,ACM,129.33,130.93,127.85,130.75,130.75,528340.0
2025-11-10,ACM,132.38,132.42,129.79,130.67,130.67,437385.0
2025-11-11,ACM,130.14,132.01,129.713,131.73,131.73,617311.0
2025-11-12,ACM,131.77,133.45,131.5,132.72,132.72,769091.0
2025-11-13,ACM,133.43,135.52,132.7,133.8,133.8,1349472.0
2025-11-14,ACM,132.37,134.055,131.39,133.52,133.52,1109058.0
2025-11-17,ACM,133.01,134.36,131.575,131.92,131.92,1663290.0
2025-11-18,ACM,129.0,131.57,123.5919,127.14,127.14,1843869.0
2025-11-19,ACM,126.535,127.0,112.275,113.03,113.03,3066097.0
2025-11-20,ACM,113.79,115.27,105.365,106.14,106.14,2925595.0
2025-11-21,ACM,105.5,105.85,102.8,103.52,103.52,2657540.0
2025-11-24,ACM,104.07,105.77,103.75,103.85,103.85,2425981.0
2025-11-25,ACM,103.965,105.1359,102.54,103.88,103.88,2016801.0
2025-11-26,ACM,104.475,106.4,103.97,105.46,105.46,1644887.0
2025-11-28,ACM,105.85,106.21,102.8,103.13,103.13,1447643.0
2025-12-01,ACM,102.13,103.6,101.4,101.52,101.52,2231544.0
2025-12-02,ACM,102.4,103.43,101.07,101.98,101.98,1781629.0
2025-12-03,ACM,102.525,103.935,101.6834,103.89,103.89,1352845.0
2025-12-04,ACM,103.475,105.42,103.05,105.16,105.16,1569558.0
2025-10-06,ADI,245.01,245.01,238.92,242.5,242.5,4021178.0
2025-10-07,ADI,243.39,243.39,233.025,233.75,233.75,3397760.0
2025-10-08,ADI,233.8,239.36,233.8,237.93,237.93,4017888.0
2025-10-09,ADI,236.84,238.39,235.1,237.88,237.88,3069164.0
2025-10-10,ADI,237.74,239.035,224.71,225.32,225.32,4425112.0
2025-10-13,ADI,228.32,235.82,226.96,234.67,234.67,4609877.0
2025-10-14,ADI,231.15,238.78,229.125,235.4,235.4,3431567.0
2025-10-15,ADI,238.19,238.8,234.96,238.15,238.15,2773694.0
2025-10-16,ADI,240.33,244.225,238.52,241.61,241.61,2898707.0
2025-10-17,ADI,241.77,243.54,238.59,242.87,242.87,2401260.0
2025-10-20,ADI,242.87,246.835,242.87,246.22,246.22,2760134.0
2025-10-21,ADI,247.84,248.8299,245.61,246.37,246.37,2361679.0
2025-10-22,ADI,240.54,241.64,236.909,240.36,240.36,5270794.0
2025-10-23,ADI,237.3,244.95,237.26,243.29,243.29,2774906.0
2025-10-24,ADI,245.45,245.51,236.63,238.01,238.01,3488969.0
2025-10-27,ADI,239.695,244.11,238.345,243.01,243.01,3506236.0
2025-10-28,ADI,241.51,243.68,238.84,239.35,239.35,2420972.0
2025-10-29,ADI,239.76,241.9053,234.52,235.04,235.04,3438519.0
2025-10-30,ADI,235.04,236.625,232.82,232.9,232.9,2940363.0
2025-10-31,ADI,232.9,235.63,231.54,234.13,234.13,2698153.0
2025-11-03,ADI,234.95,237.0,232.61,233.61,233.61,2266928.0
2025-11-04,ADI,233.01,233.78,228.76,229.38,229.38,3956608.0
2025-11-05,ADI,230.09,238.48,230.09,236.0,236.0,2971902.0
2025-11-06,ADI,235.19,237.04,231.2,232.88,232.88,3126797.0
2025-11-07,ADI,229.4,230.805,223.47,228.48,228.48,4583664.0
2025-11-10,ADI,231.86,233.23,228.33,232.0,232.0,3264201.0
2025-11-11,ADI,231.51,235.0,231.435,233.41,233.41,3159992.0
2025-11-12,ADI,236.92,242.0,235.835,241.44,241.44,4677722.0
2025-11-13,ADI,239.64,241.315,235.44,237.53,237.53,4897499.0
2025-11-14,ADI,234.19,237.045,230.43,234.89,234.89,3319687.0
2025-11-17,ADI,233.03,234.22,227.78,229.94,229.94,3885305.0
2025-11-18,ADI,229.85,232.35,227.72,230.13,230.13,3953373.0
2025-11-19,ADI,229.54,234.3999,229.325,232.2,232.2,2790492.0
2025-11-20,ADI,234.29,235.2791,224.25,225.2,225.2,4316566.0
2025-11-21,ADI,225.63,234.53,225.0,232.32,232.32,4467337.0
2025-11-24,ADI,233.65,240.76,233.25,239.4,239.4,8219853.0
2025-11-25,ADI,230.6,252.48,229.29,252.02,252.02,7515103.0
2025-11-26,ADI,255.22,260.74,252.92,257.92,257.92,5253418.0
2025-11-28,ADI,259.36,265.75,258.0401,265.34,265.34,2589650.0
2025-12-01,ADI,262.95,268.47,262.0,266.51,266.51,7333468.0
2025-12-02,ADI,268.19,274.125,266.04,272.97,272.97,5266424.0
2025-12-03,ADI,274.49,278.78,271.58,278.24,278.24,4203067.0
2025-12-04,ADI,277.36,279.55,275.54,277.26,277.26,3253658.0
2025-10-06,ADMA,14.62,14.66,14.015,14.07,14.07,3309806.0
2025-10-07,ADMA,14.14,14.23,13.945,13.99,13.99,3855667.0
2025-10-08,ADMA,13.98,14.63,13.82,14.62,14.62,4170211.0
2025-10-09,ADMA,14.61,14.82,14.32,14.74,14.74,3735835.0
2025-10-10,ADMA,14.78,14.78,14.275,14.54,14.54,3455669.0
2025-10-13,ADMA,14.55,14.6199,14.3,14.55,14.55,4216482.0
2025-10-14,ADMA,14.55,15.41,14.44,14.95,14.95,3896678.0
2025-10-15,ADMA,15.0,15.6,14.95,15.09,15.09,3680629.0
2025-10-16,ADMA,15.1,15.18,14.47,14.56,14.56,2414603.0
2025-10-17,ADMA,14.43,14.6,14.13,14.36,14.36,2109554.0
2025-10-20,ADMA,14.49,14.8,14.49,14.69,14.69,2895564.0
2025-10-21,ADMA,14.61,14.81,14.34,14.715,14.715,2455594.0
2025-10-22,ADMA,14.71,15.45,14.71,15.16,15.16,3914088.0
2025-10-23,ADMA,15.15,15.39,15.07,15.25,15.25,2641916.0
2025-10-24,ADMA,15.3,16.08,15.16,15.18,15.18,5567385.0
2025-10-27,ADMA,15.3,15.655,14.58,15.6,15.6,4100870.0
2025-10-28,ADMA,15.36,15.6,15.22,15.57,15.57,3053450.0
2025-10-29,ADMA,15.54,15.75,15.29,15.53,15.53,2474721.0
2025-10-30,ADMA,15.41,15.76,15.255,15.27,15.27,2281964.0
2025-10-31,ADMA,15.2,15.505,15.07,15.48,15.48,2491835.0
2025-11-03,ADMA,15.49,15.68,15.1045,15.37,15.37,3870575.0
2025-11-04,ADMA,15.17,15.58,14.62,14.63,14.63,3673851.0
2025-11-05,ADMA,14.52,15.65,14.4206,15.37,15.37,6470779.0
2025-11-06,ADMA,14.89,15.24,13.83,14.03,14.03,9495027.0
2025-11-07,ADMA,14.06,14.52,13.76,14.52,14.52,4568547.0
2025-11-10,ADMA,14.63,14.7927,14.18,14.71,14.71,3864067.0
2025-11-11,ADMA,14.76,16.07,14.7001,16.03,16.03,4827513.0
2025-11-12,ADMA,16.07,16.67,15.93,16.46,16.46,4112945.0
2025-11-13,ADMA,16.345,16.48,15.665,15.7,15.7,3774829.0
2025-11-14,ADMA,15.45,15.9,15.395,15.56,15.56,2825507.0
2025-11-17,ADMA,15.41,15.61,15.22,15.42,15.42,2299637.0
2025-11-18,ADMA,15.35,15.72,15.24,15.69,15.69,1786353.0
2025-11-19,ADMA,15.72,16.03,15.46,15.95,15.95,2772544.0
2025-11-20,ADMA,16.25,16.95,16.23,16.36,16.36,3496601.0
2025-11-21,ADMA,16.36,17.57,16.3,17.18,17.18,4308716.0
2025-11-24,ADMA,17.23,18.44,17.16,18.32,18.32,5154931.0
2025-11-25,ADMA,18.34,19.22,18.3,19.21,19.21,3749418.0
2025-11-26,ADMA,19.06,19.48,19.0,19.14,19.14,4074481.0
2025-11-28,ADMA,19.31,19.4366,18.8214,19.18,19.18,1258556.0
2025-12-01,ADMA,18.96,19.48,18.73,19.38,19.38,3757642.0
2025-12-02,ADMA,19.43,19.885,19.05,19.25,19.25,2658033.0
2025-12-03,ADMA,19.37,20.14,19.25,19.72,19.72,2635028.0
2025-12-04,ADMA,19.61,20.22,19.56,20.11,20.11,2706778.0
2025-10-06,AEO,16.8,16.8,15.725,15.76,15.76,9427679.0
2025-10-07,AEO,15.87,15.9018,15.32,15.48,15.48,6963238.0
2025-10-08,AEO,15.43,15.63,15.01,15.57,15.57,6875283.0
2025-10-09,AEO,15.435,15.605,15.05,15.15,15.15,6548048.0
2025-10-10,AEO,15.11,15.11,14.055,14.31,14.31,9138114.0
2025-10-13,AEO,14.66,15.31,14.66,15.29,15.29,7757007.0
2025-10-14,AEO,15.13,15.94,15.035,15.85,15.85,8174954.0
2025-10-15,AEO,15.965,16.03,15.23,15.23,15.23,6878146.0
2025-10-16,AEO,15.12,15.15,14.74,14.9,14.9,4351061.0
2025-10-17,AEO,14.8425,15.14,14.7,14.95,14.95,5328660.0
2025-10-20,AEO,15.035,15.715,14.91,15.48,15.48,5070811.0
2025-10-21,AEO,15.6,16.09,15.49,15.71,15.71,5014633.0
2025-10-22,AEO,15.59,15.95,15.3217,15.73,15.73,4952366.0
2025-10-23,AEO,15.7,16.68,15.7,16.56,16.56,7056609.0
2025-10-24,AEO,16.7,16.8165,16.46,16.57,16.57,5231706.0
2025-10-27,AEO,16.94,17.135,16.73,16.88,16.88,4879252.0
2025-10-28,AEO,16.825,17.1944,16.6,16.79,16.79,4906953.0
2025-10-29,AEO,16.76,17.33,16.72,16.98,16.98,4758962.0
2025-10-30,AEO,16.86,17.095,16.45,16.54,16.54,6123800.0
2025-10-31,AEO,16.43,16.815,16.21,16.71,16.71,4994097.0
2025-11-03,AEO,16.64,17.175,16.43,16.53,16.53,5806671.0
2025-11-04,AEO,16.212,16.45,15.87,16.18,16.18,4933539.0
2025-11-05,AEO,16.175,17.34,16.1,16.97,16.97,6262984.0
2025-11-06,AEO,16.72,16.85,16.43,16.6,16.6,4997209.0
2025-11-07,AEO,16.575,17.295,16.41,17.1,17.1,5698266.0
2025-11-10,AEO,17.48,17.97,17.38,17.78,17.78,8225479.0
2025-11-11,AEO,17.76,18.3,17.45,17.48,17.48,6256561.0
2025-11-12,AEO,17.7,18.26,17.7,17.81,17.81,5018031.0
2025-11-13,AEO,17.82,18.04,17.385,17.54,17.54,3820101.0
2025-11-14,AEO,17.01,17.805,16.96,17.56,17.56,5774645.0
2025-11-17,AEO,17.43,17.98,17.2787,17.66,17.66,6132297.0
2025-11-18,AEO,17.425,17.67,17.16,17.5,17.5,4057798.0
2025-11-19,AEO,17.715,17.94,17.355,17.49,17.49,4503868.0
2025-11-20,AEO,17.64,18.17,17.295,17.54,17.54,7621050.0
2025-11-21,AEO,17.5,18.755,17.5,18.55,18.55,7214291.0
2025-11-24,AEO,18.77,19.29,18.56,19.1,19.1,6918044.0
2025-11-25,AEO,19.19,20.015,19.02,19.66,19.66,8785124.0
2025-11-26,AEO,19.7,20.645,19.6,20.26,20.26,7166647.0
2025-11-28,AEO,20.32,20.53,20.16,20.4,20.4,3597311.0
2025-12-01,AEO,20.33,21.275,20.2,21.25,21.25,12849595.0
2025-12-02,AEO,21.32,21.44,20.725,20.83,20.83,17186158.0
2025-12-03,AEO,23.855,24.4099,23.07,23.97,23.97,33426616.0
2025-12-04,AEO,24.105,24.66,23.78,24.18,24.18,15156734.0
2025-10-06,AKAM,78.0,78.56,77.07,78.44,78.44,1264206.0
2025-10-07,AKAM,78.62,78.92,76.41,76.6,76.6,1299754.0
2025-10-08,AKAM,76.8,77.6194,76.54,76.72,76.72,1081766.0
2025-10-09,AKAM,77.0,77.0297,75.21,75.5,75.5,1423884.0
2025-10-10,AKAM,75.7,76.28,73.14,73.24,73.24,1684299.0
2025-10-13,AKAM,74.13,74.52,73.23,73.8,73.8,1788833.0
2025-10-14,AKAM,72.77,74.36,72.46,74.09,74.09,1424043.0
2025-10-15,AKAM,74.33,74.535,73.149,73.67,73.67,1333266.0
2025-10-16,AKAM,74.2,74.7,72.39,72.96,72.96,1473944.0
2025-10-17,AKAM,72.72,73.415,72.28,72.86,72.86,2745857.0
2025-10-20,AKAM,72.95,74.32,72.95,74.25,74.25,1392465.0
2025-10-21,AKAM,74.25,76.52,74.0547,76.13,76.13,1555865.0
2025-10-22,AKAM,75.62,76.405,74.3,74.71,74.71,1410899.0
2025-10-23,AKAM,74.79,74.9999,74.2,74.61,74.61,1020579.0
2025-10-24,AKAM,75.3,75.82,74.76,75.05,75.05,1566741.0
2025-10-27,AKAM,75.5,76.08,75.3,75.49,75.49,1246324.0
2025-10-28,AKAM,75.4,76.155,74.91,75.75,75.75,1999202.0
2025-10-29,AKAM,75.96,75.965,72.92,73.01,73.01,1755229.0
2025-10-30,AKAM,72.86,75.2,72.76,73.93,73.93,1625652.0
2025-10-31,AKAM,73.82,75.49,73.68,75.1,75.1,1624160.0
2025-11-03,AKAM,75.21,75.35,73.805,74.53,74.53,2148697.0
2025-11-04,AKAM,73.95,74.13,70.82,71.97,71.97,2626519.0
2025-11-05,AKAM,72.63,73.55,71.67,72.98,72.98,3185796.0
2025-11-06,AKAM,73.76,73.88,71.93,73.0,73.0,3349389.0
2025-11-07,AKAM,78.9,86.23,76.75,83.74,83.74,9629176.0
2025-11-10,AKAM,83.81,88.465,83.0,87.12,87.12,5974684.0
2025-11-11,AKAM,86.96,92.0,86.31,90.61,90.61,5596445.0
2025-11-12,AKAM,90.62,91.76,89.38,90.1,90.1,3793434.0
2025-11-13,AKAM,89.97,91.8545,88.2,88.67,88.67,3597241.0
2025-11-14,AKAM,87.42,88.75,87.01,87.17,87.17,3715694.0
2025-11-17,AKAM,87.75,88.88,86.86,87.62,87.62,3936803.0
2025-11-18,AKAM,87.3,88.7599,86.0,87.74,87.74,3681740.0
2025-11-19,AKAM,87.63,88.145,86.1978,86.52,86.52,3994096.0
2025-11-20,AKAM,87.65,89.14,86.75,87.38,87.38,3366913.0
2025-11-21,AKAM,87.83,90.24,87.25,89.01,89.01,3663132.0
2025-11-24,AKAM,88.64,89.95,87.37,88.34,88.34,19566694.0
2025-11-25,AKAM,88.495,91.005,87.33,90.71,90.71,3622342.0
2025-11-26,AKAM,90.61,90.76,89.37,89.45,89.45,2917908.0
2025-11-28,AKAM,89.47,89.93,89.34,89.52,89.52,1350948.0
2025-12-01,AKAM,89.39,89.43,87.55,87.71,87.71,3200619.0
2025-12-02,AKAM,88.0,88.2,86.061,86.83,86.83,2814473.0
2025-12-03,AKAM,86.83,88.47,86.63,87.97,87.97,2337276.0
2025-12-04,AKAM,87.82,88.12,86.295,86.6,86.6,2198467.0
2025-10-06,AKRO,46.07,46.405,45.17,46.04,46.04,1305343.0
2025-10-07,AKRO,46.0,47.4,45.5,46.0,46.0,982795.0
2025-10-08,AKRO,46.53,47.405,45.905,46.49,46.49,956886.0
2025-10-09,AKRO,54.52,54.535,54.05,54.08,54.08,37395955.0
2025-10-10,AKRO,54.09,54.09,53.79,53.88,53.88,10511451.0
2025-10-13,AKRO,53.95,54.075,53.65,53.66,53.66,5354523.0
2025-10-14,AKRO,53.71,53.975,53.66,53.81,53.81,2231420.0
2025-10-15,AKRO,53.85,53.9,53.53,53.6,53.6,3716572.0
2025-10-16,AKRO,53.74,53.87,53.595,53.66,53.66,2238594.0
2025-10-17,AKRO,53.67,53.87,53.63,53.84,53.84,1576172.0
2025-10-20,AKRO,53.89,53.95,53.75,53.91,53.91,1539802.0
2025-10-21,AKRO,53.89,54.02,53.75,53.8,53.8,1938447.0
2025-10-22,AKRO,53.9,53.92,53.4,53.61,53.61,3995303.0
2025-10-23,AKRO,53.65,53.75,53.58,53.72,53.72,1601401.0
2025-10-24,AKRO,53.79,53.89,53.67,53.77,53.77,640248.0
2025-10-27,AKRO,53.84,53.93,53.69,53.85,53.85,1425262.0
2025-10-28,AKRO,53.81,54.05,53.745,54.0,54.0,2333315.0
2025-10-29,AKRO,53.91,54.07,53.84,54.0,54.0,1876772.0
2025-10-30,AKRO,54.08,54.31,53.935,54.26,54.26,1317185.0
2025-10-31,AKRO,54.25,54.301,54.07,54.2,54.2,1143125.0
2025-11-03,AKRO,54.11,54.2,54.0,54.09,54.09,1439635.0
2025-11-04,AKRO,54.02,54.1,53.99,54.03,54.03,1886680.0
2025-11-05,AKRO,54.03,54.1,54.0,54.05,54.05,1207567.0
2025-11-06,AKRO,54.03,54.1,53.9,53.91,53.91,2421135.0
2025-11-07,AKRO,53.95,54.1,53.93,54.04,54.04,1118177.0
2025-11-10,AKRO,54.09,54.18,54.02,54.14,54.14,2660930.0
2025-11-11,AKRO,54.14,54.3,54.09,54.25,54.25,1511963.0
2025-11-12,AKRO,54.25,54.37,54.215,54.3,54.3,1140216.0
2025-11-13,AKRO,54.25,54.32,54.16,54.2,54.2,1851340.0
2025-11-14,AKRO,54.2,54.37,54.1,54.25,54.25,1790277.0
2025-11-17,AKRO,54.26,54.365,54.24,54.35,54.35,1136428.0
2025-11-18,AKRO,54.31,54.4,54.27,54.33,54.33,811091.0
2025-11-19,AKRO,54.37,54.4,54.315,54.34,54.34,1375065.0
2025-11-20,AKRO,54.4,54.405,54.22,54.23,54.23,1217850.0
2025-11-21,AKRO,54.28,54.35,54.26,54.31,54.31,1123679.0
2025-11-24,AKRO,54.32,54.405,54.28,54.36,54.36,1657310.0
2025-11-25,AKRO,54.32,54.39,54.31,54.36,54.36,715747.0
2025-11-26,AKRO,54.34,54.4,54.32,54.35,54.35,1041259.0
2025-11-28,AKRO,54.38,54.44,54.34,54.36,54.36,639258.0
2025-12-01,AKRO,54.35,54.475,54.35,54.435,54.435,1995934.0
2025-12-02,AKRO,54.46,54.52,54.42,54.49,54.49,1800685.0
2025-12-03,AKRO,54.49,54.703,54.44,54.69,54.69,3677687.0
2025-12-04,AKRO,54.68,54.69,54.53,54.63,54.63,2283430.0
2025-10-06,ALB,89.6,93.73,88.5,92.03,92.03,3402625.0
2025-10-07,ALB,91.91,93.13,89.01,90.53,90.53,2238855.0
2025-10-08,ALB,91.955,92.85,89.6901,91.69,91.69,2518874.0
2025-10-09,ALB,95.23,99.86,94.4525,96.5,96.5,5594888.0
2025-10-10,ALB,95.4,96.16,89.7511,89.86,89.86,4302609.0
2025-10-13,ALB,92.48,99.13,92.0,96.34,96.34,4161019.0
2025-10-14,ALB,92.65,97.67,91.0,96.24,96.24,3624841.0
2025-10-15,ALB,98.04,99.49,95.57,98.16,98.16,3313204.0
2025-10-16,ALB,98.805,99.15,94.29,95.29,95.29,2606656.0
2025-10-17,ALB,92.74,96.0,91.5,92.74,92.74,3547340.0
2025-10-20,ALB,94.05,97.69,94.0,96.14,96.14,2927084.0
2025-10-21,ALB,94.5,94.86,90.92,91.34,91.34,2486929.0
2025-10-22,ALB,90.8,91.99,88.76,91.27,91.27,1984347.0
2025-10-23,ALB,94.5,98.06,93.955,97.36,97.36,3455718.0
2025-10-24,ALB,99.98,106.955,99.65,105.64,105.64,5109652.0
2025-10-27,ALB,103.1282,105.4699,95.69,96.23,96.23,4094682.0
2025-10-28,ALB,96.925,97.1499,94.7683,96.68,96.68,2509917.0
2025-10-29,ALB,96.8,101.035,96.45,97.8,97.8,2278695.0
2025-10-30,ALB,99.0,100.62,96.58,97.89,97.89,2366873.0
2025-10-31,ALB,96.5,99.97,96.5,98.23,98.23,4022240.0
2025-11-03,ALB,97.33,99.4,95.08,96.53,96.53,2737459.0
2025-11-04,ALB,91.69,92.5,88.01,88.45,88.45,5264282.0
2025-11-05,ALB,90.575,92.87,89.1,91.96,91.96,3369752.0
2025-11-06,ALB,94.19,97.104,91.0,91.26,91.26,3772790.0
2025-11-07,ALB,90.5,98.4215,90.01,97.18,97.18,4482756.0
2025-11-10,ALB,101.5,104.6,100.0,103.58,103.58,3390207.0
2025-11-11,ALB,102.59,103.89,101.18,103.88,103.88,2655430.0
2025-11-12,ALB,104.94,110.63,104.94,110.32,110.32,4399051.0
2025-11-13,ALB,112.35,119.28,112.02,114.57,114.57,7195885.0
2025-11-14,ALB,108.9,117.345,107.63,115.14,115.14,4691571.0
2025-11-17,ALB,120.0,125.8495,117.66,117.7,117.7,7466634.0
2025-11-18,ALB,116.46,122.42,114.91,121.39,121.39,4524125.0
2025-11-19,ALB,123.39,127.07,122.655,125.68,125.68,3631732.0
2025-11-20,ALB,121.935,125.85,115.68,116.42,116.42,5683154.0
2025-11-21,ALB,113.0,119.32,110.5829,116.82,116.82,4858584.0
2025-11-24,ALB,114.32,116.76,113.505,115.88,115.88,2844252.0
2025-11-25,ALB,119.545,125.776,117.9245,125.26,125.26,3548524.0
2025-11-26,ALB,124.08,127.7,122.1294,126.91,126.91,3060151.0
2025-11-28,ALB,127.755,130.56,126.5,129.99,129.99,1285312.0
2025-12-01,ALB,128.56,132.9,128.11,128.33,128.33,4016975.0
2025-12-02,ALB,130.25,130.26,127.135,128.14,128.14,2037088.0
2025-12-03,ALB,124.5,127.05,123.43,126.49,126.49,4144959.0
2025-12-04,ALB,125.155,125.305,117.6054,119.14,119.14,4228208.0
2025-10-06,ALGN,132.825,134.04,129.53,131.5,131.5,1478122.0
2025-10-07,ALGN,131.845,132.64,130.05,130.47,130.47,1234715.0
2025-10-08,ALGN,130.555,133.235,129.95,133.09,133.09,1051494.0
2025-10-09,ALGN,133.26,133.43,131.0301,131.87,131.87,1214920.0
2025-10-10,ALGN,128.7,130.8,124.91,125.79,125.79,1751231.0
2025-10-13,ALGN,127.25,130.035,126.26,129.54,129.54,1137218.0
2025-10-14,ALGN,127.07,131.59,126.3323,129.79,129.79,1059251.0
2025-10-15,ALGN,130.71,131.5,127.72,128.43,128.43,1075976.0
2025-10-16,ALGN,129.14,133.6515,128.65,129.84,129.84,1386025.0
2025-10-17,ALGN,129.91,131.45,128.67,130.45,130.45,1111271.0
2025-10-20,ALGN,132.62,135.06,131.13,134.93,134.93,1032093.0
2025-10-21,ALGN,133.62,136.93,132.091,136.22,136.22,957024.0
2025-10-22,ALGN,136.5,138.41,135.37,135.58,135.58,1254873.0
2025-10-23,ALGN,136.11,137.83,135.31,136.0,136.0,1032135.0
2025-10-24,ALGN,137.83,138.5,135.14,135.21,135.21,864348.0
2025-10-27,ALGN,135.43,136.81,134.13,135.65,135.65,1010822.0
2025-10-28,ALGN,134.94,135.6,132.79,133.14,133.14,874200.0
2025-10-29,ALGN,134.1,135.55,130.73,131.91,131.91,2200099.0
2025-10-30,ALGN,145.22,150.78,137.62,138.43,138.43,3842830.0
2025-10-31,ALGN,137.74,138.73,133.92,137.88,137.88,1641877.0
2025-11-03,ALGN,137.58,138.69,133.71,138.53,138.53,1246211.0
2025-11-04,ALGN,138.32,138.49,133.865,135.67,135.67,1172797.0
2025-11-05,ALGN,136.46,137.575,133.39,137.21,137.21,1189826.0
2025-11-06,ALGN,137.66,138.5,131.8972,133.73,133.73,991727.0
2025-11-07,ALGN,132.39,134.985,132.39,134.84,134.84,810879.0
2025-11-10,ALGN,136.47,138.5,134.016,138.23,138.23,872703.0
2025-11-11,ALGN,139.32,144.84,138.25,144.49,144.49,1427836.0
2025-11-12,ALGN,144.45,145.25,140.69,141.69,141.69,1212922.0
2025-11-13,ALGN,140.32,143.42,138.93,139.42,139.42,1026798.0
2025-11-14,ALGN,137.01,138.02,136.0,137.13,137.13,809753.0
2025-11-17,ALGN,135.52,136.56,131.66,132.61,132.61,902634.0
2025-11-18,ALGN,132.47,132.87,130.23,132.28,132.28,1593537.0
2025-11-19,ALGN,132.26,134.97,131.95,133.68,133.68,1049954.0
2025-11-20,ALGN,133.97,137.41,132.74,132.81,132.81,924445.0
2025-11-21,ALGN,132.96,143.46,132.635,142.56,142.56,1814117.0
2025-11-24,ALGN,142.0,145.11,139.13,143.63,143.63,6264149.0
2025-11-25,ALGN,144.43,152.99,144.3,147.5,147.5,2572486.0
2025-11-26,ALGN,147.35,149.44,146.46,147.23,147.23,1567953.0
2025-11-28,ALGN,147.51,148.09,146.25,147.19,147.19,732773.0
2025-12-01,ALGN,145.1,148.465,144.0,146.72,146.72,1657011.0
2025-12-02,ALGN,147.14,152.06,146.12,150.93,150.93,1975309.0
2025-12-03,ALGN,151.55,156.6,150.92,155.0,155.0,1571193.0
2025-12-04,ALGN,154.705,156.95,153.17,156.84,156.84,1347845.0
2025-10-06,ALHC,16.66,17.23,16.425,17.11,17.11,3084574.0
2025-10-07,ALHC,17.19,17.395,16.78,16.98,16.98,2247567.0
2025-10-08,ALHC,17.16,17.75,16.91,17.69,17.69,3722261.0
2025-10-09,ALHC,17.7,17.82,17.34,17.55,17.55,2114505.0
2025-10-10,ALHC,17.6,17.69,16.97,17.31,17.31,2389491.0
2025-10-13,ALHC,17.31,17.355,17.057,17.31,17.31,1830966.0
2025-10-14,ALHC,17.53,17.65,17.2,17.26,17.26,1679258.0
2025-10-15,ALHC,17.26,17.44,16.95,17.31,17.31,1908307.0
2025-10-16,ALHC,17.3,17.55,16.92,16.99,16.99,1567542.0
2025-10-17,ALHC,17.01,17.39,16.86,17.12,17.12,2240579.0
2025-10-20,ALHC,17.3,17.61,17.24,17.39,17.39,1269343.0
2025-10-21,ALHC,17.38,17.7499,17.16,17.51,17.51,1647962.0
2025-10-22,ALHC,17.45,17.5,17.17,17.39,17.39,1944873.0
2025-10-23,ALHC,17.18,17.35,16.98,17.29,17.29,1632235.0
2025-10-24,ALHC,17.3,17.61,17.205,17.51,17.51,2393006.0
2025-10-27,ALHC,17.51,17.96,17.31,17.77,17.77,2168035.0
2025-10-28,ALHC,17.91,18.145,17.53,18.04,18.04,2281683.0
2025-10-29,ALHC,18.02,18.445,17.8101,18.21,18.21,2429527.0
2025-10-30,ALHC,17.87,18.195,17.04,17.12,17.12,3904735.0
2025-10-31,ALHC,18.53,18.64,16.46,16.86,16.86,7502266.0
2025-11-03,ALHC,17.0,17.1,16.4001,16.84,16.84,3100009.0
2025-11-04,ALHC,16.76,17.54,16.76,17.09,17.09,2658094.0
2025-11-05,ALHC,16.96,17.3,16.75,17.06,17.06,2137708.0
2025-11-06,ALHC,16.95,17.15,16.485,16.49,16.49,2195956.0
2025-11-07,ALHC,16.53,16.9,16.245,16.33,16.33,1736076.0
2025-11-10,ALHC,16.21,16.54,16.0,16.38,16.38,1960405.0
2025-11-11,ALHC,16.49,16.57,16.015,16.48,16.48,1366781.0
2025-11-12,ALHC,16.49,16.895,16.49,16.6,16.6,1792912.0
2025-11-13,ALHC,16.6,16.795,16.41,16.77,16.77,1313930.0
2025-11-14,ALHC,16.62,16.86,16.335,16.52,16.52,1582648.0
2025-11-17,ALHC,16.58,16.595,16.01,16.04,16.04,1642361.0
2025-11-18,ALHC,16.04,16.32,15.92,16.1,16.1,2017841.0
2025-11-19,ALHC,16.13,16.58,15.96,16.33,16.33,2058219.0
2025-11-20,ALHC,16.61,16.7,16.05,16.07,16.07,1407907.0
2025-11-21,ALHC,15.845,16.83,15.845,16.7,16.7,2080499.0
2025-11-24,ALHC,17.38,18.38,17.25,17.62,17.62,6338197.0
2025-11-25,ALHC,17.78,19.22,17.67,19.14,19.14,5499164.0
2025-11-26,ALHC,19.34,19.4,19.02,19.22,19.22,2425499.0
2025-11-28,ALHC,19.39,19.39,19.18,19.21,19.21,831448.0
2025-12-01,ALHC,19.0,19.1799,18.68,19.08,19.08,3051221.0
2025-12-02,ALHC,19.08,19.42,18.825,19.09,19.09,2674933.0
2025-12-03,ALHC,19.13,19.5,19.03,19.1,19.1,1857466.0
2025-12-04,ALHC,19.33,19.99,19.0201,19.4,19.4,2882241.0
2025-10-06,AMAT,222.34,226.49,220.77,223.91,223.91,7891854.0
2025-10-07,AMAT,223.91,224.83,211.27,211.56,211.56,10543323.0
2025-10-08,AMAT,210.0,218.65,209.0,217.51,217.51,7875462.0
2025-10-09,AMAT,217.0,220.86,215.51,220.3,220.3,6701398.0
2025-10-10,AMAT,220.7,224.4684,209.73,209.95,209.95,12829661.0
2025-10-13,AMAT,220.35,221.13,217.03,219.48,219.48,7853006.0
2025-10-14,AMAT,213.9,221.65,213.71,218.19,218.19,8260006.0
2025-10-15,AMAT,223.955,228.1,220.52,227.58,227.58,8033603.0
2025-10-16,AMAT,230.595,232.07,224.03,227.72,227.72,7742842.0
2025-10-17,AMAT,226.47,227.36,222.7,224.99,224.99,5272810.0
2025-10-20,AMAT,227.145,231.33,226.53,228.13,228.13,5494792.0
2025-10-21,AMAT,225.92,228.16,225.21,226.0,226.0,4557485.0
2025-10-22,AMAT,226.0,226.77,216.065,220.56,220.56,7498073.0
2025-10-23,AMAT,218.39,230.55,218.12,228.47,228.47,7001931.0
2025-10-24,AMAT,229.0,230.72,226.29,228.75,228.75,5346676.0
2025-10-27,AMAT,233.0,235.79,231.13,231.33,231.33,7671698.0
2025-10-28,AMAT,229.68,231.015,227.08,227.64,227.64,6118502.0
2025-10-29,AMAT,232.9,237.39,232.0,235.75,235.75,7784456.0
2025-10-30,AMAT,237.78,242.5,232.08,232.55,232.55,7317726.0
2025-10-31,AMAT,233.735,237.9075,230.45,233.1,233.1,6532964.0
2025-11-03,AMAT,235.67,239.79,234.0,237.71,237.71,6160630.0
2025-11-04,AMAT,231.42,236.9699,229.77,230.19,230.19,6896422.0
2025-11-05,AMAT,230.19,241.91,230.1,240.89,240.89,7230832.0
2025-11-06,AMAT,240.77,240.77,232.9301,233.53,233.53,9278439.0
2025-11-07,AMAT,232.265,232.52,223.38,230.07,230.07,6892795.0
2025-11-10,AMAT,236.23,236.54,232.06,235.08,235.08,7673744.0
2025-11-11,AMAT,232.57,233.25,227.0,228.67,228.67,6237600.0
2025-11-12,AMAT,231.23,231.835,228.9,230.73,230.73,5955373.0
2025-11-13,AMAT,227.39,229.0,219.63,223.23,223.23,13465856.0
2025-11-14,AMAT,203.75,226.16,203.4,226.01,226.01,15254389.0
2025-11-17,AMAT,224.2,231.71,223.255,228.71,228.71,8713644.0
2025-11-18,AMAT,226.48,227.62,219.42,225.12,225.12,12167355.0
2025-11-19,AMAT,227.29,235.91,226.5,235.13,235.13,8870502.0
2025-11-20,AMAT,238.785,240.76,218.96,220.23,220.23,9263965.0
2025-11-21,AMAT,219.2,228.16,215.495,224.005,224.005,8596770.0
2025-11-24,AMAT,222.86,233.2,222.86,230.91,230.91,8806555.0
2025-11-25,AMAT,237.55,244.62,233.135,242.46,242.46,8330341.0
2025-11-26,AMAT,242.83,252.66,242.83,249.97,249.97,8791060.0
2025-11-28,AMAT,250.795,252.48,247.85,252.25,252.25,2916326.0
2025-12-01,AMAT,250.23,255.79,248.53,254.75,254.75,6842394.0
2025-12-02,AMAT,255.625,267.0499,255.625,265.33,265.33,9196769.0
2025-12-03,AMAT,265.3,269.15,259.7101,268.63,268.63,7999577.0
2025-12-04,AMAT,268.335,272.7649,266.0,269.44,269.44,6346927.0
2025-10-06,AMGN,297.62,297.62,293.03,294.12,294.12,1957330.0
2025-10-07,AMGN,293.275,295.85,290.2101,295.54,295.54,1504255.0
2025-10-08,AMGN,295.79,297.625,292.285,294.62,294.62,2940781.0
2025-10-09,AMGN,294.13,296.63,293.7,295.43,295.43,1369162.0
2025-10-10,AMGN,296.16,297.0899,289.58,290.13,290.13,2660454.0
2025-10-13,AMGN,291.745,296.13,289.4414,292.405,292.405,1838558.0
2025-10-14,AMGN,291.745,296.87,290.97,293.85,293.85,1975949.0
2025-10-15,AMGN,292.815,298.21,292.43,297.32,297.32,2502083.0
2025-10-16,AMGN,298.07,302.265,294.44,295.81,295.81,1715049.0
2025-10-17,AMGN,295.24,299.37,293.14,298.81,298.81,1959530.0
2025-10-20,AMGN,299.48,303.66,297.75,303.33,303.33,1613514.0
2025-10-21,AMGN,302.6,303.85,298.03,301.14,301.14,1533558.0
2025-10-22,AMGN,301.29,302.815,295.6,295.98,295.98,1698899.0
2025-10-23,AMGN,296.01,296.46,291.9075,292.89,292.89,1496922.0
2025-10-24,AMGN,292.89,293.94,290.66,291.76,291.76,1376330.0
2025-10-27,AMGN,291.21,291.9999,288.26,291.16,291.16,1794617.0
2025-10-28,AMGN,288.93,292.63,288.26,292.09,292.09,2217623.0
2025-10-29,AMGN,291.76,294.81,289.44,291.77,291.77,2824472.0
2025-10-30,AMGN,290.58,294.56,289.001,292.0,292.0,2058158.0
2025-10-31,AMGN,288.46,298.88,288.0,298.43,298.43,2687516.0
2025-11-03,AMGN,298.43,301.0,292.12,296.3,296.3,2753331.0
2025-11-04,AMGN,298.71,299.06,294.48,296.7,296.7,3412532.0
2025-11-05,AMGN,303.125,322.98,302.13,319.86,319.86,5486162.0
2025-11-06,AMGN,319.1,321.31,312.52,315.59,315.59,3330531.0
2025-11-07,AMGN,316.08,321.42,314.0,320.2,320.2,2665384.0
2025-11-10,AMGN,320.595,326.18,319.54,323.66,323.66,2518593.0
2025-11-11,AMGN,323.42,338.55,323.42,338.45,338.45,3136543.0
2025-11-12,AMGN,338.64,342.4,335.815,336.28,336.28,2941162.0
2025-11-13,AMGN,337.9,345.84,335.12,336.0,336.0,3413466.0
2025-11-14,AMGN,336.74,339.8,330.35,336.74,336.74,3310332.0
2025-11-17,AMGN,337.64,344.06,336.825,341.71,341.71,2996550.0
2025-11-18,AMGN,343.73,345.49,339.3,343.99,343.99,2966636.0
2025-11-19,AMGN,343.47,345.29,340.02,342.4,342.4,2129822.0
2025-11-20,AMGN,344.52,345.09,335.0,336.07,336.07,3184112.0
2025-11-21,AMGN,334.87,342.84,334.74,337.54,337.54,4128726.0
2025-11-24,AMGN,335.84,338.66,331.705,334.3,334.3,3551616.0
2025-11-25,AMGN,335.41,341.73,335.41,341.11,341.11,2868739.0
2025-11-26,AMGN,341.525,345.03,340.001,344.57,344.57,2333053.0
2025-11-28,AMGN,344.0,345.66,342.26,345.46,345.46,1268802.0
2025-12-01,AMGN,343.07,343.98,336.25,337.49,337.49,2384122.0
2025-12-02,AMGN,338.86,342.5,336.33,338.36,338.36,2446819.0
2025-12-03,AMGN,340.54,346.38,338.85,345.42,345.42,2839394.0
2025-12-04,AMGN,344.23,346.33,338.94,340.16,340.16,3695581.0
2025-10-06,AMKR,30.44,30.67,30.1501,30.57,30.57,2468918.0
2025-10-07,AMKR,33.54,33.54,29.33,29.75,29.75,5731193.0
2025-10-08,AMKR,29.755,30.69,29.7,30.61,30.61,2907621.0
2025-10-09,AMKR,30.62,30.954,30.03,30.63,30.63,2209127.0
2025-10-10,AMKR,31.085,31.39,28.19,28.26,28.26,5046108.0
2025-10-13,AMKR,30.05,30.52,29.71,30.46,30.46,2394941.0
2025-10-14,AMKR,29.41,30.43,29.39,29.91,29.91,2393154.0
2025-10-15,AMKR,30.57,31.34,30.23,31.28,31.28,2395686.0
2025-10-16,AMKR,32.925,32.925,31.09,31.5,31.5,3730031.0
2025-10-17,AMKR,31.04,31.49,30.59,31.29,31.29,1919111.0
2025-10-20,AMKR,32.15,32.75,31.9516,32.28,32.28,2009327.0
2025-10-21,AMKR,32.13,32.49,31.68,32.15,32.15,2077973.0
2025-10-22,AMKR,31.67,31.92,30.26,30.77,30.77,2310642.0
2025-10-23,AMKR,30.5,32.185,30.4421,31.98,31.98,1613093.0
2025-10-24,AMKR,32.945,33.33,32.415,32.77,32.77,3169490.0
2025-10-27,AMKR,33.6,33.82,32.97,33.18,33.18,4820337.0
2025-10-28,AMKR,30.61,32.98,29.5,32.16,32.16,9760013.0
2025-10-29,AMKR,32.3,33.75,32.3,32.69,32.69,4759312.0
2025-10-30,AMKR,32.405,32.64,31.74,31.92,31.92,2582540.0
2025-10-31,AMKR,32.16,32.75,31.92,32.28,32.28,2409817.0
2025-11-03,AMKR,33.94,38.22,33.8143,37.84,37.84,10475805.0
2025-11-04,AMKR,35.66,36.798,35.19,35.25,35.25,5389313.0
2025-11-05,AMKR,35.69,37.29,35.38,36.55,36.55,3113074.0
2025-11-06,AMKR,36.66,36.71,34.46,35.15,35.15,3538485.0
2025-11-07,AMKR,34.15,34.79,33.1402,34.78,34.78,3550412.0
2025-11-10,AMKR,35.9,36.27,34.9,35.21,35.21,3665513.0
2025-11-11,AMKR,34.79,34.811,34.12,34.26,34.26,1647821.0
2025-11-12,AMKR,34.75,35.26,34.29,34.47,34.47,2074729.0
2025-11-13,AMKR,33.72,34.1024,31.37,31.95,31.95,3383650.0
2025-11-14,AMKR,30.52,32.49,30.45,31.68,31.68,3138104.0
2025-11-17,AMKR,31.09,32.08,30.6,30.89,30.89,2270087.0
2025-11-18,AMKR,30.36,31.09,29.762,30.69,30.69,3073502.0
2025-11-19,AMKR,31.12,31.98,30.63,31.43,31.43,2333945.0
2025-11-20,AMKR,33.485,33.85,30.14,30.19,30.19,4138202.0
2025-11-21,AMKR,30.25,32.42,30.03,32.05,32.05,3650759.0
2025-11-24,AMKR,32.45,33.35,32.35,33.135,33.135,3213424.0
2025-11-25,AMKR,33.0,33.98,32.4,33.8,33.8,2622421.0
2025-11-26,AMKR,34.0,35.265,33.94,34.92,34.92,2461552.0
2025-11-28,AMKR,35.32,36.43,35.32,36.39,36.39,1901630.0
2025-12-01,AMKR,35.86,38.02,35.74,37.74,37.74,3329566.0
2025-12-02,AMKR,38.44,40.93,37.92,40.65,40.65,5122447.0
2025-12-03,AMKR,40.755,44.065,40.34,43.93,43.93,5742919.0
2025-12-04,AMKR,43.355,43.91,42.6,43.18,43.18,4588489.0
2025-10-06,APG,34.92,35.08,34.64,34.96,34.96,1601249.0
2025-10-07,APG,35.15,35.17,34.145,34.52,34.52,2040425.0
2025-10-08,APG,34.625,35.49,34.43,35.36,35.36,1906262.0
2025-10-09,APG,35.35,35.52,34.8,35.01,35.01,2067712.0
2025-10-10,APG,35.16,35.26,33.98,34.05,34.05,1580816.0
2025-10-13,APG,34.5,34.87,34.43,34.56,34.56,1897383.0
2025-10-14,APG,34.27,34.96,33.96,34.65,34.65,1275748.0
2025-10-15,APG,35.06,35.08,34.49,34.54,34.54,1795831.0
2025-10-16,APG,34.635,34.84,34.02,34.43,34.43,1515624.0
2025-10-17,APG,34.06,34.55,34.05,34.24,34.24,1997237.0
2025-10-20,APG,34.495,35.105,34.31,34.82,34.82,1635867.0
2025-10-21,APG,34.715,35.19,34.665,34.96,34.96,2073163.0
2025-10-22,APG,35.045,35.24,33.62,33.64,33.64,2520420.0
2025-10-23,APG,33.52,34.605,33.52,34.52,34.52,1600044.0
2025-10-24,APG,34.99,35.4,34.76,34.77,34.77,1346081.0
2025-10-27,APG,35.015,35.185,34.5,34.67,34.67,1515080.0
2025-10-28,APG,34.59,34.71,34.21,34.31,34.31,1493820.0
2025-10-29,APG,34.25,35.17,34.2301,34.46,34.46,3768935.0
2025-10-30,APG,35.39,35.64,34.02,35.07,35.07,3946524.0
2025-10-31,APG,35.11,36.83,35.11,36.82,36.82,5649180.0
2025-11-03,APG,37.04,37.04,35.625,35.78,35.78,5095498.0
2025-11-04,APG,35.395,35.735,34.874,35.43,35.43,2256277.0
2025-11-05,APG,35.39,36.545,35.24,36.38,36.38,2668110.0
2025-11-06,APG,36.5,36.98,35.8425,36.07,36.07,2639935.0
2025-11-07,APG,35.16,36.27,35.16,36.25,36.25,3570193.0
2025-11-10,APG,36.5,37.77,36.335,37.63,37.63,3069749.0
2025-11-11,APG,37.52,37.9098,37.44,37.53,37.53,3051992.0
2025-11-12,APG,37.65,38.5,37.61,38.36,38.36,3469573.0
2025-11-13,APG,38.34,38.58,37.47,37.53,37.53,3445647.0
2025-11-14,APG,37.09,37.9,36.85,37.35,37.35,4473046.0
2025-11-17,APG,37.12,37.91,36.81,37.4,37.4,5804462.0
2025-11-18,APG,37.14,37.47,36.61,37.0,37.0,2377983.0
2025-11-19,APG,37.195,37.745,37.0,37.42,37.42,1710214.0
2025-11-20,APG,38.048,38.16,36.6,36.77,36.77,3144184.0
2025-11-21,APG,36.78,37.17,36.1,36.86,36.86,2216836.0
2025-11-24,APG,36.82,37.96,36.82,37.71,37.71,2270190.0
2025-11-25,APG,37.9,39.05,37.46,38.97,38.97,3759491.0
2025-11-26,APG,39.0,39.58,38.99,39.23,39.23,1870474.0
2025-11-28,APG,39.29,39.65,39.23,39.56,39.56,838040.0
2025-12-01,APG,39.08,39.52,38.79,38.98,38.98,2314064.0
2025-12-02,APG,39.02,39.25,38.54,38.84,38.84,1574437.0
2025-12-03,APG,38.75,39.05,38.31,38.74,38.74,1759655.0
2025-12-04,APG,38.68,39.01,38.43,39.0,39.0,1623646.0
2025-10-06,APP,684.475,687.0,545.0,587.0,587.0,14417706.0
2025-10-07,APP,595.215,644.47,592.26,631.85,631.85,11768731.0
2025-10-08,APP,631.39,654.98,616.24,629.7,629.7,5472905.0
2025-10-09,APP,615.94,618.99,591.5,600.32,600.32,6289311.0
2025-10-10,APP,599.61,601.83,566.9,569.89,569.89,6479078.0
2025-10-13,APP,590.0,591.32,562.28,590.11,590.11,4062397.0
2025-10-14,APP,576.94,596.77,566.49,590.03,590.03,3572657.0
2025-10-15,APP,603.38,615.38,592.32,602.3,602.3,3535565.0
2025-10-16,APP,612.81,616.28,594.68,605.68,605.68,3541934.0
2025-10-17,APP,600.34,612.74,589.2001,599.31,599.31,3298195.0
2025-10-20,APP,593.31,595.697,553.0,565.94,565.94,6529825.0
2025-10-21,APP,567.69,567.9999,547.129,552.64,552.64,4199919.0
2025-10-22,APP,568.73,571.582,553.24,564.82,564.82,4442841.0
2025-10-23,APP,560.84,591.31,560.84,589.7,589.7,3216113.0
2025-10-24,APP,607.565,627.11,605.5001,620.0,620.0,4100373.0
2025-10-27,APP,634.25,645.7,620.73,643.1,643.1,3765138.0
2025-10-28,APP,643.99,649.6474,620.87,626.82,626.82,2545057.0
2025-10-29,APP,627.41,633.755,617.2,631.2,631.2,3014722.0
2025-10-30,APP,622.95,638.38,619.75,620.62,620.62,3560160.0
2025-10-31,APP,621.56,652.87,621.56,637.33,637.33,4312142.0
2025-11-03,APP,646.985,654.9,620.6,632.14,632.14,3255018.0
2025-11-04,APP,630.175,630.54,607.93,608.68,608.68,3704270.0
2025-11-05,APP,610.0,623.78,589.0,617.05,617.05,6042802.0
2025-11-06,APP,651.47,656.3,607.23,621.36,621.36,8418446.0
2025-11-07,APP,614.0,633.59,576.4101,619.93,619.93,6656194.0
2025-11-10,APP,635.95,675.0,635.41,651.32,651.32,4666709.0
2025-11-11,APP,647.4,647.87,583.0,594.91,594.91,7447032.0
2025-11-12,APP,602.0,603.0,578.0,584.86,584.86,4444699.0
2025-11-13,APP,579.44,580.4279,542.48,556.15,556.15,5190940.0
2025-11-14,APP,534.34,570.9912,529.0,557.7,557.7,4173194.0
2025-11-17,APP,554.445,558.94,532.31,539.27,539.27,3908595.0
2025-11-18,APP,533.355,541.8,522.0,526.01,526.01,3927282.0
2025-11-19,APP,530.11,545.26,525.43,530.05,530.05,4006370.0
2025-11-20,APP,554.25,562.56,519.2,520.82,520.82,4432570.0
2025-11-21,APP,521.65,529.98,489.3,520.26,520.26,6031825.0
2025-11-24,APP,525.47,564.8,523.0,559.8,559.8,5008896.0
2025-11-25,APP,555.12,557.77,535.85,556.03,556.03,2757663.0
2025-11-26,APP,565.76,590.54,563.5,586.37,586.37,3435945.0
2025-11-28,APP,589.79,599.59,583.4,599.48,599.48,1825454.0
2025-12-01,APP,588.13,624.73,576.0,623.59,623.59,4544294.0
2025-12-02,APP,632.53,679.7,631.19,653.0,653.0,5199995.0
2025-12-03,APP,654.87,667.09,645.0,662.21,662.21,3000655.0
2025-12-04,APP,671.28,698.47,668.63,683.78,683.78,4949616.0
2025-10-06,AR,33.67,34.26,33.205,33.91,33.91,4169824.0
2025-10-07,AR,33.715,34.34,33.14,33.9,33.9,4322445.0
2025-10-08,AR,33.69,34.275,32.95,34.15,34.15,4193233.0
2025-10-09,AR,34.24,34.6,33.16,33.6,33.6,2787332.0
2025-10-10,AR,33.265,33.85,31.58,31.6,31.6,4132696.0
2025-10-13,AR,32.03,32.51,31.55,32.42,32.42,3489640.0
2025-10-14,AR,31.25,31.77,30.94,31.61,31.61,3817070.0
2025-10-15,AR,31.945,32.69,31.79,32.14,32.14,4224838.0
2025-10-16,AR,32.34,32.46,30.29,30.79,30.79,5182467.0
2025-10-17,AR,30.8,31.05,30.46,30.78,30.78,3339927.0
2025-10-20,AR,31.33,32.17,31.175,31.85,31.85,4708865.0
2025-10-21,AR,31.85,32.98,31.75,32.51,32.51,4100495.0
2025-10-22,AR,32.8,33.16,31.661,32.08,32.08,4095542.0
2025-10-23,AR,32.8,33.01,32.065,32.77,32.77,4052294.0
2025-10-24,AR,32.99,33.04,32.16,32.69,32.69,2567901.0
2025-10-27,AR,32.75,33.06,32.33,32.66,32.66,2771255.0
2025-10-28,AR,32.32,32.38,31.655,31.88,31.88,3446544.0
2025-10-29,AR,31.66,31.9499,31.03,31.62,31.62,4680093.0
2025-10-30,AR,30.635,31.115,29.1,30.03,30.03,10749123.0
2025-10-31,AR,30.68,31.115,30.115,30.91,30.91,6899825.0
2025-11-03,AR,31.52,33.335,31.08,33.14,33.14,7471124.0
2025-11-04,AR,32.575,33.34,32.0,32.93,32.93,5645165.0
2025-11-05,AR,32.8,33.46,32.44,32.83,32.83,4666356.0
2025-11-06,AR,33.29,33.82,32.44,32.63,32.63,4544863.0
2025-11-07,AR,32.47,33.71,32.33,33.65,33.65,4231395.0
2025-11-10,AR,34.29,34.45,33.35,33.85,33.85,4185455.0
2025-11-11,AR,34.3,35.66,34.22,35.2,35.2,5378750.0
2025-11-12,AR,35.14,35.22,34.25,34.46,34.46,5091068.0
2025-11-13,AR,34.8,35.27,34.1103,34.34,34.34,4284249.0
2025-11-14,AR,33.53,34.37,33.06,34.36,34.36,5474745.0
2025-11-17,AR,34.155,34.48,33.309,33.64,33.64,3938666.0
2025-11-18,AR,33.33,34.95,33.05,34.76,34.76,4396359.0
2025-11-19,AR,34.285,35.15,34.15,35.08,35.08,4501571.0
2025-11-20,AR,35.155,35.93,33.27,33.32,33.32,8397952.0
2025-11-21,AR,33.33,33.9,32.6801,33.55,33.55,6002916.0
2025-11-24,AR,33.27,34.65,32.77,34.56,34.56,6363087.0
2025-11-25,AR,34.21,34.32,33.39,34.0,34.0,4472988.0
2025-11-26,AR,34.37,35.69,34.29,35.12,35.12,4698507.0
2025-11-28,AR,35.655,36.67,35.28,36.43,36.43,2876485.0
2025-12-01,AR,36.16,36.44,35.64,35.76,35.76,5319031.0
2025-12-02,AR,35.78,35.78,34.675,34.72,34.72,4077473.0
2025-12-03,AR,35.125,36.67,35.02,36.4,36.4,6769655.0
2025-12-04,AR,36.6,37.13,36.165,36.6,36.6,3858778.0
2025-10-06,ARE,84.1,84.3,79.76,79.99,79.99,2214090.0
2025-10-07,ARE,80.275,80.5,77.88,78.09,78.09,3016440.0
2025-10-08,ARE,77.5,78.75,75.16,75.22,75.22,3464476.0
2025-10-09,ARE,75.41,76.23,74.02,74.43,74.43,2504738.0
2025-10-10,ARE,74.45,74.5,72.9045,73.92,73.92,2721515.0
2025-10-13,ARE,73.95,74.2899,72.83,73.87,73.87,1560471.0
2025-10-14,ARE,73.54,75.36,73.38,75.07,75.07,1314709.0
2025-10-15,ARE,75.68,78.54,75.5001,76.21,76.21,1588219.0
2025-10-16,ARE,76.201,77.295,75.11,75.23,75.23,1933008.0
2025-10-17,ARE,75.5,75.99,74.2704,74.99,74.99,1229868.0
2025-10-20,ARE,75.5,77.3575,75.235,76.73,76.73,1653239.0
2025-10-21,ARE,76.79,77.195,75.835,76.79,76.79,1329056.0
2025-10-22,ARE,77.285,78.29,76.69,77.77,77.77,1195808.0
2025-10-23,ARE,77.51,78.2899,76.88,76.91,76.91,1191776.0
2025-10-24,ARE,77.555,78.51,77.27,77.41,77.41,1314785.0
2025-10-27,ARE,78.0,78.0,76.915,77.87,77.87,1404034.0
2025-10-28,ARE,69.78,69.78,62.56,62.94,62.94,12272885.0
2025-10-29,ARE,62.0368,63.605,57.615,58.76,58.76,7089062.0
2025-10-30,ARE,55.44,58.055,55.02,56.37,56.37,7501164.0
2025-10-31,ARE,56.1,58.695,55.3,58.22,58.22,4149914.0
2025-11-03,ARE,56.85,58.1,55.37,55.69,55.69,3765509.0
2025-11-04,ARE,55.12,55.7088,53.94,53.99,53.99,3128796.0
2025-11-05,ARE,54.275,54.85,53.08,54.47,54.47,3494157.0
2025-11-06,ARE,54.41,54.97,52.94,53.17,53.17,2332425.0
2025-11-07,ARE,53.175,55.65,52.95,55.61,55.61,2936855.0
2025-11-10,ARE,55.97,56.35,54.22,54.26,54.26,2683083.0
2025-11-11,ARE,54.525,55.11,53.77,54.85,54.85,2059824.0
2025-11-12,ARE,54.42,54.91,53.7,53.78,53.78,2429421.0
2025-11-13,ARE,53.23,53.672,52.16,52.24,52.24,2308960.0
2025-11-14,ARE,52.16,52.73,51.63,52.29,52.29,1753278.0
2025-11-17,ARE,52.39,52.54,50.51,50.84,50.84,2921155.0
2025-11-18,ARE,50.63,51.1199,50.22,50.8,50.8,3171789.0
2025-11-19,ARE,51.0,51.0,49.3,49.51,49.51,2687865.0
2025-11-20,ARE,49.88,50.46,48.66,48.86,48.86,2482678.0
2025-11-21,ARE,49.06,51.75,48.99,50.89,50.89,2792703.0
2025-11-24,ARE,51.155,51.58,50.6,51.22,51.22,2913764.0
2025-11-25,ARE,51.6,52.88,51.55,52.65,52.65,1924308.0
2025-11-26,ARE,52.29,54.17,52.27,53.57,53.57,2264298.0
2025-11-28,ARE,53.56,54.4513,53.4,53.67,53.67,1046532.0
2025-12-01,ARE,52.87,53.6,52.3901,53.1,53.1,2822587.0
2025-12-02,ARE,53.27,54.17,52.96,53.83,53.83,2103528.0
2025-12-03,ARE,52.13,52.57,47.57,48.42,48.42,7331311.0
2025-12-04,ARE,48.02,48.02,46.1034,46.59,46.59,4962931.0
2025-10-06,ARQT,19.89,20.445,19.65,19.76,19.76,2145893.0
2025-10-07,ARQT,19.84,20.89,19.41,20.57,20.57,1926970.0
2025-10-08,ARQT,20.63,21.56,20.4001,21.24,21.24,2521702.0
2025-10-09,ARQT,21.14,21.4125,20.57,20.71,20.71,1632505.0
2025-10-10,ARQT,20.73,20.73,19.7601,20.05,20.05,1824602.0
2025-10-13,ARQT,20.215,21.06,20.1632,20.72,20.72,2022372.0
2025-10-14,ARQT,20.49,20.605,20.16,20.43,20.43,1037991.0
2025-10-15,ARQT,20.5,21.715,20.4601,21.63,21.63,1977891.0
2025-10-16,ARQT,21.75,21.84,20.34,20.91,20.91,1618702.0
2025-10-17,ARQT,20.63,21.085,20.3,20.88,20.88,1320869.0
2025-10-20,ARQT,21.2,21.2,20.42,20.88,20.88,1690476.0
2025-10-21,ARQT,20.89,20.94,20.55,20.64,20.64,869614.0
2025-10-22,ARQT,20.44,20.73,19.66,19.81,19.81,1517480.0
2025-10-23,ARQT,19.8,20.36,19.68,20.08,20.08,1188874.0
2025-10-24,ARQT,20.32,20.32,19.95,20.11,20.11,1186550.0
2025-10-27,ARQT,20.33,20.6,19.6,19.64,19.64,1826475.0
2025-10-28,ARQT,22.5,25.75,22.0,24.95,24.95,12063173.0
2025-10-29,ARQT,25.835,25.99,23.48,25.29,25.29,5449157.0
2025-10-30,ARQT,25.89,27.0793,24.77,24.92,24.92,3060990.0
2025-10-31,ARQT,24.69,25.56,24.63,25.31,25.31,2300159.0
2025-11-03,ARQT,25.15,25.43,24.22,24.76,24.76,2093384.0
2025-11-04,ARQT,23.95,24.59,23.85,24.01,24.01,2899223.0
2025-11-05,ARQT,23.79,24.545,23.52,24.38,24.38,2683580.0
2025-11-06,ARQT,23.93,25.35,23.77,25.1,25.1,2636722.0
2025-11-07,ARQT,25.105,25.12,23.3205,24.23,24.23,3019522.0
2025-11-10,ARQT,24.7,24.86,23.74,23.75,23.75,2514050.0
2025-11-11,ARQT,23.62,24.12,23.39,24.03,24.03,1632545.0
2025-11-12,ARQT,24.05,24.39,23.24,23.45,23.45,1589867.0
2025-11-13,ARQT,23.37,23.77,22.78,22.86,22.86,2421823.0
2025-11-14,ARQT,22.28,25.2,22.26,25.0,25.0,3954003.0
2025-11-17,ARQT,24.86,26.815,24.82,26.17,26.17,4606960.0
2025-11-18,ARQT,25.87,27.92,25.55,27.28,27.28,3248090.0
2025-11-19,ARQT,27.21,28.96,27.0,27.89,27.89,3459284.0
2025-11-20,ARQT,28.4,28.49,27.22,27.33,27.33,2876139.0
2025-11-21,ARQT,27.15,30.01,27.08,29.49,29.49,2594317.0
2025-11-24,ARQT,29.835,31.095,29.64,30.76,30.76,3801635.0
2025-11-25,ARQT,30.75,31.0,30.25,30.73,30.73,1707759.0
2025-11-26,ARQT,30.975,31.105,30.3825,30.96,30.96,1925096.0
2025-11-28,ARQT,31.27,31.27,30.39,30.65,30.65,1090812.0
2025-12-01,ARQT,30.24,30.65,29.85,30.37,30.37,1576797.0
2025-12-02,ARQT,30.14,30.48,28.95,29.43,29.43,2033035.0
2025-12-03,ARQT,29.76,30.18,29.28,29.96,29.96,1838566.0
2025-12-04,ARQT,29.373,31.39,29.373,31.16,31.16,2040245.0
2025-10-06,ARWR,36.67,39.4199,36.64,37.5,37.5,2694528.0
2025-10-07,ARWR,37.58,37.87,36.29,36.54,36.54,2430165.0
2025-10-08,ARWR,36.9,37.3,36.0001,36.94,36.94,1769474.0
2025-10-09,ARWR,36.91,37.15,35.94,36.06,36.06,1500521.0
2025-10-10,ARWR,36.0,36.1,34.91,35.41,35.41,1829589.0
2025-10-13,ARWR,35.67,37.07,35.5001,36.25,36.25,1558019.0
2025-10-14,ARWR,35.27,36.405,34.61,35.96,35.96,1222707.0
2025-10-15,ARWR,36.42,38.63,36.0178,38.19,38.19,1575759.0
2025-10-16,ARWR,38.25,40.289,38.19,38.97,38.97,2595233.0
2025-10-17,ARWR,38.2,39.3599,36.57,36.81,36.81,1877816.0
2025-10-20,ARWR,37.67,38.56,36.905,38.47,38.47,1632484.0
2025-10-21,ARWR,38.45,39.56,38.02,38.03,38.03,1969601.0
2025-10-22,ARWR,38.75,39.0899,36.9,37.63,37.63,1586876.0
2025-10-23,ARWR,37.63,38.23,36.73,37.35,37.35,1257790.0
2025-10-24,ARWR,37.96,38.34,36.88,38.0,38.0,1471196.0
2025-10-27,ARWR,39.1,40.1,38.63,39.48,39.48,1730752.0
2025-10-28,ARWR,39.23,40.48,38.8401,39.55,39.55,1243834.0
2025-10-29,ARWR,39.26,40.75,38.65,40.29,40.29,1559672.0
2025-10-30,ARWR,39.92,43.33,39.6985,42.31,42.31,2300925.0
2025-10-31,ARWR,42.32,43.69,41.31,42.39,42.39,1715676.0
2025-11-03,ARWR,41.99,43.2,39.277,39.61,39.61,1942327.0
2025-11-04,ARWR,38.6,39.31,37.77,37.85,37.85,1987205.0
2025-11-05,ARWR,37.63,40.55,37.56,40.31,40.31,1426886.0
2025-11-06,ARWR,40.27,40.94,39.5,39.6,39.6,1620536.0
2025-11-07,ARWR,39.23,39.34,37.35,39.23,39.23,1307917.0
2025-11-10,ARWR,40.85,42.0,39.77,39.85,39.85,1877770.0
2025-11-11,ARWR,39.45,41.52,38.93,41.5,41.5,1171322.0
2025-11-12,ARWR,41.96,43.195,41.14,41.42,41.42,1987947.0
2025-11-13,ARWR,40.72,41.5,40.21,41.14,41.14,1536594.0
2025-11-14,ARWR,39.85,41.785,39.33,41.26,41.26,1621072.0
2025-11-17,ARWR,41.28,41.58,39.7502,40.15,40.15,1612945.0
2025-11-18,ARWR,39.8,43.585,39.3,40.47,40.47,2960691.0
2025-11-19,ARWR,41.06,41.285,38.895,38.97,38.97,2881976.0
2025-11-20,ARWR,39.51,39.92,37.06,38.09,38.09,3833275.0
2025-11-21,ARWR,38.01,40.58,37.43,40.45,40.45,3506838.0
2025-11-24,ARWR,41.1,44.85,40.43,44.26,44.26,4006847.0
2025-11-25,ARWR,44.26,46.92,43.72,46.79,46.79,2951032.0
2025-11-26,ARWR,47.39,59.15,45.09,57.71,57.71,7066507.0
2025-11-28,ARWR,56.39,56.67,52.08,52.7,52.7,2540659.0
2025-12-01,ARWR,52.37,57.27,52.23,56.25,56.25,3324108.0
2025-12-02,ARWR,55.91,59.27,55.75,57.95,57.95,2867395.0
2025-12-03,ARWR,58.63,66.23,58.63,65.075,65.075,4441856.0
2025-12-04,ARWR,64.4,67.14,64.19,64.66,64.66,3059404.0
2025-10-06,BBIO,53.15,54.64,52.975,54.61,54.61,1368672.0
2025-10-07,BBIO,54.61,55.13,52.97,54.22,54.22,1812877.0
2025-10-08,BBIO,54.55,55.33,53.82,55.3,55.3,2218465.0
2025-10-09,BBIO,55.09,55.285,54.48,54.79,54.79,2113664.0
2025-10-10,BBIO,54.83,55.94,54.66,55.49,55.49,3293139.0
2025-10-13,BBIO,55.98,56.24,55.07,55.96,55.96,2257318.0
2025-10-14,BBIO,55.95,57.47,55.41,56.5,56.5,2490213.0
2025-10-15,BBIO,56.63,57.49,55.71,56.63,56.63,1880975.0
2025-10-16,BBIO,56.78,56.8,54.495,55.03,55.03,1184084.0
2025-10-17,BBIO,54.35,55.485,54.02,54.92,54.92,1364747.0
2025-10-20,BBIO,55.55,56.3,53.71,56.255,56.255,1933476.0
2025-10-21,BBIO,56.21,56.5,54.29,54.36,54.36,1191758.0
2025-10-22,BBIO,54.31,54.57,52.85,53.24,53.24,1373156.0
2025-10-23,BBIO,53.12,53.9575,52.75,53.81,53.81,1232976.0
2025-10-24,BBIO,54.8,55.565,54.23,54.26,54.26,1497545.0
2025-10-27,BBIO,57.0,65.0,56.74,63.56,63.56,8486846.0
2025-10-28,BBIO,63.02,64.61,62.51,64.5,64.5,3340065.0
2025-10-29,BBIO,69.37,69.48,63.0,66.62,66.62,7434955.0
2025-10-30,BBIO,66.07,67.75,62.705,63.37,63.37,4843434.0
2025-10-31,BBIO,63.88,64.32,62.06,62.64,62.64,2470591.0
2025-11-03,BBIO,62.74,64.19,60.79,61.98,61.98,2136951.0
2025-11-04,BBIO,61.42,61.905,60.22,61.37,61.37,1989302.0
2025-11-05,BBIO,61.37,63.41,60.74,62.66,62.66,2126014.0
2025-11-06,BBIO,62.73,64.44,62.15,62.73,62.73,3218860.0
2025-11-07,BBIO,62.73,63.26,60.55,61.8,61.8,2326272.0
2025-11-10,BBIO,62.13,63.23,62.06,62.81,62.81,1277168.0
2025-11-11,BBIO,63.12,66.72,62.06,66.58,66.58,2578836.0
2025-11-12,BBIO,66.07,67.93,65.1,66.22,66.22,2077836.0
2025-11-13,BBIO,65.13,67.28,64.95,65.06,65.06,1770744.0
2025-11-14,BBIO,64.0,67.71,63.905,66.39,66.39,1539499.0
2025-11-17,BBIO,65.69,67.49,65.4,66.9,66.9,2532810.0
2025-11-18,BBIO,65.59,66.94,64.34,65.59,65.59,2103058.0
2025-11-19,BBIO,65.535,65.96,64.5,65.54,65.54,1270385.0
2025-11-20,BBIO,66.4,67.25,64.47,64.62,64.62,2063219.0
2025-11-21,BBIO,64.64,69.3983,64.41,68.11,68.11,4127599.0
2025-11-24,BBIO,67.92,71.435,67.92,70.99,70.99,4530277.0
2025-11-25,BBIO,70.675,71.65,69.53,70.63,70.63,1877075.0
2025-11-26,BBIO,70.98,72.26,70.1,71.72,71.72,1744599.0
2025-11-28,BBIO,71.06,72.28,70.9301,72.01,72.01,524469.0
2025-12-01,BBIO,72.01,72.47,71.07,71.78,71.78,2403210.0
2025-12-02,BBIO,72.17,73.45,71.35,71.46,71.46,2180682.0
2025-12-03,BBIO,71.94,74.34,71.16,74.15,74.15,2047068.0
2025-12-04,BBIO,74.01,75.04,72.48,74.76,74.76,1347936.0
2025-10-06,BIIB,159.605,159.7005,153.1,154.05,154.05,1817888.0
2025-10-07,BIIB,154.52,154.575,151.97,152.21,152.21,1372833.0
2025-10-08,BIIB,152.36,152.36,149.64,150.97,150.97,1333277.0
2025-10-09,BIIB,151.37,152.15,148.17,149.61,149.61,1600465.0
2025-10-10,BIIB,150.0,150.2,144.74,146.57,146.57,1724990.0
2025-10-13,BIIB,146.47,147.555,144.65,144.69,144.69,1124466.0
2025-10-14,BIIB,144.09,146.88,142.195,145.31,145.31,1283553.0
2025-10-15,BIIB,144.74,145.185,142.29,143.66,143.66,1337176.0
2025-10-16,BIIB,144.05,147.48,141.7,142.26,142.26,1469099.0
2025-10-17,BIIB,142.1,144.325,141.67,143.0,143.0,1010007.0
2025-10-20,BIIB,143.31,147.47,142.41,146.63,146.63,1316452.0
2025-10-21,BIIB,146.09,147.89,144.29,146.22,146.22,895048.0
2025-10-22,BIIB,147.37,149.1199,146.25,147.72,147.72,1403299.0
2025-10-23,BIIB,148.99,150.29,147.57,150.08,150.08,1245964.0
2025-10-24,BIIB,151.09,151.92,148.98,149.89,149.89,1338315.0
2025-10-27,BIIB,150.07,150.92,148.1001,150.43,150.43,1214395.0
2025-10-28,BIIB,150.01,150.3,148.365,149.13,149.13,1662855.0
2025-10-29,BIIB,148.82,149.91,147.5352,147.86,147.86,2450701.0
2025-10-30,BIIB,140.1,154.44,138.0,149.61,149.61,2745188.0
2025-10-31,BIIB,147.99,155.1799,146.5201,154.27,154.27,2235290.0
2025-11-03,BIIB,153.6,155.3337,149.63,151.44,151.44,2197357.0
2025-11-04,BIIB,150.89,152.9,149.05,149.33,149.33,2029011.0
2025-11-05,BIIB,149.66,153.68,148.5125,153.43,153.43,1806070.0
2025-11-06,BIIB,155.76,157.8,153.76,156.74,156.74,1848716.0
2025-11-07,BIIB,156.7,156.7,151.83,155.51,155.51,1552011.0
2025-11-10,BIIB,155.41,156.55,153.77,156.26,156.26,1258595.0
2025-11-11,BIIB,156.76,159.95,154.2,159.56,159.56,1504613.0
2025-11-12,BIIB,160.0,162.56,158.05,161.48,161.48,1659866.0
2025-11-13,BIIB,161.57,167.8699,161.2,164.73,164.73,2993001.0
2025-11-14,BIIB,164.72,169.0,163.0,167.55,167.55,2620813.0
2025-11-17,BIIB,167.0,167.97,163.5,164.68,164.68,2245006.0
2025-11-18,BIIB,164.4,170.78,163.0,168.83,168.83,2257470.0
2025-11-19,BIIB,168.83,168.9,165.79,167.93,167.93,1765993.0
2025-11-20,BIIB,168.15,170.91,165.75,168.18,168.18,1914503.0
2025-11-21,BIIB,168.54,176.02,167.42,175.3,175.3,2268169.0
2025-11-24,BIIB,177.65,185.17,175.5701,176.82,176.82,4164240.0
2025-11-25,BIIB,177.07,182.97,176.09,181.96,181.96,2344782.0
2025-11-26,BIIB,181.96,183.93,180.76,181.94,181.94,1483073.0
2025-11-28,BIIB,182.07,182.74,180.685,182.09,182.09,566362.0
2025-12-01,BIIB,180.15,181.78,175.88,177.78,177.78,1947020.0
2025-12-02,BIIB,177.32,180.545,174.53,180.18,180.18,1866647.0
2025-12-03,BIIB,180.17,182.94,178.05,180.75,180.75,1845129.0
2025-12-04,BIIB,181.86,182.69,179.27,181.98,181.98,1233937.0
2025-10-06,BKR,48.915,49.575,48.8,49.08,49.08,5371928.0
2025-10-07,BKR,49.1,49.435,48.225,48.58,48.58,4877883.0
2025-10-08,BKR,48.75,48.9543,47.42,47.85,47.85,6007056.0
2025-10-09,BKR,48.0,48.29,47.0876,47.89,47.89,5456954.0
2025-10-10,BKR,47.475,47.69,44.99,45.04,45.04,7467021.0
2025-10-13,BKR,45.94,45.94,45.04,45.49,45.49,11108272.0
2025-10-14,BKR,44.92,45.36,43.92,44.83,44.83,9227848.0
2025-10-15,BKR,45.29,45.67,44.22,44.47,44.47,7972270.0
2025-10-16,BKR,44.87,45.12,44.245,44.64,44.64,8097365.0
2025-10-17,BKR,44.93,45.5,44.42,45.18,45.18,8216428.0
2025-10-20,BKR,45.42,46.39,45.2,46.28,46.28,6772217.0
2025-10-21,BKR,46.54,47.41,45.63,46.75,46.75,11386588.0
2025-10-22,BKR,47.0,48.33,46.72,47.3,47.3,8747506.0
2025-10-23,BKR,48.175,49.08,48.0,48.89,48.89,9548833.0
2025-10-24,BKR,47.92,50.42,46.845,47.3,47.3,13058724.0
2025-10-27,BKR,47.78,48.2,46.12,46.6,46.6,8754034.0
2025-10-28,BKR,46.39,47.98,46.39,47.86,47.86,9193894.0
2025-10-29,BKR,47.7,48.845,47.58,48.32,48.32,7071667.0
2025-10-30,BKR,48.07,49.16,47.7031,48.58,48.58,6193545.0
2025-10-31,BKR,48.95,48.975,47.9477,48.41,48.41,6960458.0
2025-11-03,BKR,48.64,48.985,48.29,48.64,48.64,5343324.0
2025-11-04,BKR,47.7,48.23,45.905,45.97,45.97,10408840.0
2025-11-05,BKR,46.13,47.66,45.82,47.04,47.04,7306763.0
2025-11-06,BKR,47.22,48.5,47.18,47.29,47.29,7690163.0
2025-11-07,BKR,47.31,47.93,46.71,47.87,47.87,5076321.0
2025-11-10,BKR,48.335,49.145,47.78,48.8,48.8,5492746.0
2025-11-11,BKR,48.93,49.5,48.74,48.95,48.95,5780891.0
2025-11-12,BKR,48.63,48.645,47.45,47.53,47.53,5723813.0
2025-11-13,BKR,47.505,48.49,47.23,47.51,47.51,5536196.0
2025-11-14,BKR,47.67,49.065,46.89,48.73,48.73,7976248.0
2025-11-17,BKR,48.87,49.53,47.56,47.88,47.88,5704274.0
2025-11-18,BKR,47.8,48.99,47.76,48.06,48.06,8977641.0
2025-11-19,BKR,47.26,48.595,47.18,48.48,48.48,6303873.0
2025-11-20,BKR,49.1,50.175,47.98,48.07,48.07,7986951.0
2025-11-21,BKR,47.97,49.45,47.77,48.88,48.88,8125893.0
2025-11-24,BKR,48.91,49.55,48.365,49.36,49.36,11197653.0
2025-11-25,BKR,49.16,49.56,48.71,49.43,49.43,5767341.0
2025-11-26,BKR,49.72,50.345,49.48,49.53,49.53,5567517.0
2025-11-28,BKR,49.29,50.53,49.15,50.2,50.2,3018518.0
2025-12-01,BKR,50.21,50.92,49.96,50.16,50.16,6417029.0
2025-12-02,BKR,50.095,50.12,48.61,49.48,49.48,6999755.0
2025-12-03,BKR,49.85,50.755,49.7,50.49,50.49,5273299.0
2025-12-04,BKR,50.435,51.12,49.925,50.61,50.61,6357347.0
2025-10-06,BKU,38.51,40.395,38.42,38.88,38.88,1768670.0
2025-10-07,BKU,38.92,39.98,38.78,39.91,39.91,1577077.0
2025-10-08,BKU,40.0,40.17,39.14,40.02,40.02,1982310.0
2025-10-09,BKU,40.2575,40.5,39.535,40.02,40.02,1362044.0
2025-10-10,BKU,39.87,40.31,37.61,37.67,37.67,1113919.0
2025-10-13,BKU,38.47,38.72,37.86,38.61,38.61,1143289.0
2025-10-14,BKU,38.315,39.845,38.235,39.67,39.67,939879.0
2025-10-15,BKU,39.75,39.98,38.4,38.97,38.97,1178509.0
2025-10-16,BKU,38.75,38.75,35.1,35.36,35.36,2243176.0
2025-10-17,BKU,35.765,36.32,35.42,36.23,36.23,1635078.0
2025-10-20,BKU,36.48,37.02,36.285,36.92,36.92,901680.0
2025-10-21,BKU,36.78,37.235,36.5,36.84,36.84,777210.0
2025-10-22,BKU,36.05,38.17,36.05,37.46,37.46,1552180.0
2025-10-23,BKU,37.21,37.53,36.71,36.89,36.89,924043.0
2025-10-24,BKU,37.325,38.21,37.285,37.9,37.9,911311.0
2025-10-27,BKU,38.3,39.5,38.26,38.98,38.98,1136899.0
2025-10-28,BKU,38.985,40.99,38.69,39.78,39.78,1927111.0
2025-10-29,BKU,39.575,40.635,39.37,40.31,40.31,1895581.0
2025-10-30,BKU,40.065,41.4,39.72,39.86,39.86,1239667.0
2025-10-31,BKU,39.74,40.22,38.9,40.08,40.08,1074775.0
2025-11-03,BKU,39.6,40.68,39.21,40.67,40.67,1013034.0
2025-11-04,BKU,40.245,40.88,39.79,40.17,40.17,915906.0
2025-11-05,BKU,40.275,41.075,40.1655,40.43,40.43,899219.0
2025-11-06,BKU,40.375,40.705,39.7,40.16,40.16,994425.0
2025-11-07,BKU,40.115,40.38,39.51,40.26,40.26,1040066.0
2025-11-10,BKU,40.41,40.8,39.98,40.48,40.48,546401.0
2025-11-11,BKU,40.385,40.76,40.13,40.44,40.44,986625.0
2025-11-12,BKU,40.795,41.005,40.0,40.0,40.0,847389.0
2025-11-13,BKU,39.875,40.255,39.41,39.58,39.58,670691.0
2025-11-14,BKU,39.11,39.81,38.83,39.68,39.68,561253.0
2025-11-17,BKU,39.605,39.75,38.135,38.29,38.29,771965.0
2025-11-18,BKU,38.0101,39.25,38.0101,38.94,38.94,776246.0
2025-11-19,BKU,38.705,39.88,38.705,39.84,39.84,1243309.0
2025-11-20,BKU,40.49,40.98,39.75,40.1,40.1,1769002.0
2025-11-21,BKU,40.335,42.04,40.08,41.48,41.48,950539.0
2025-11-24,BKU,41.445,41.92,41.22,41.58,41.58,1996565.0
2025-11-25,BKU,42.14,43.82,41.99,43.33,43.33,1561725.0
2025-11-26,BKU,43.3,43.795,43.14,43.29,43.29,926054.0
2025-11-28,BKU,43.13,43.39,42.8815,43.21,43.21,335570.0
2025-12-01,BKU,44.105,44.685,43.6,44.4,44.4,1188933.0
2025-12-02,BKU,44.26,44.73,43.835,44.02,44.02,869005.0
2025-12-03,BKU,44.16,45.1069,44.1,44.56,44.56,931530.0
2025-12-04,BKU,44.565,44.765,44.365,44.5,44.5,962628.0
2025-10-06,BMY,45.34,45.91,44.87,45.14,45.14,19162528.0
2025-10-07,BMY,45.03,45.17,44.25,44.66,44.66,13018126.0
2025-10-08,BMY,44.805,44.9,44.455,44.54,44.54,10822949.0
2025-10-09,BMY,44.8,45.19,44.53,44.68,44.68,13379380.0
2025-10-10,BMY,44.78,44.78,43.77,43.96,43.96,14024948.0
2025-10-13,BMY,43.745,44.229,43.29,43.54,43.54,15509109.0
2025-10-14,BMY,43.42,43.9,43.2745,43.8,43.8,16805617.0
2025-10-15,BMY,43.775,44.235,43.4,43.61,43.61,11941497.0
2025-10-16,BMY,43.755,43.93,43.22,43.39,43.39,12922142.0
2025-10-17,BMY,43.28,43.66,43.105,43.63,43.63,13966189.0
2025-10-20,BMY,43.66,43.98,43.51,43.59,43.59,11511456.0
2025-10-21,BMY,43.595,44.58,43.34,44.54,44.54,16468536.0
2025-10-22,BMY,44.575,45.225,44.33,44.39,44.39,14316510.0
2025-10-23,BMY,44.35,44.35,43.515,43.83,43.83,15379145.0
2025-10-24,BMY,43.89,43.935,43.575,43.83,43.83,10105883.0
2025-10-27,BMY,43.755,43.82,43.21,43.39,43.39,21380710.0
2025-10-28,BMY,43.39,43.39,42.75,42.82,42.82,17960554.0
2025-10-29,BMY,42.82,43.15,42.52,42.6,42.6,16147096.0
2025-10-30,BMY,43.195,45.82,43.195,45.62,45.62,41931628.0
2025-10-31,BMY,45.38,46.5,45.2,46.07,46.07,21482913.0
2025-11-03,BMY,46.175,46.66,45.51,46.02,46.02,20374696.0
2025-11-04,BMY,45.49,46.595,45.38,45.59,45.59,16316828.0
2025-11-05,BMY,45.55,46.63,45.425,46.47,46.47,11730681.0
2025-11-06,BMY,46.42,47.0,45.96,46.63,46.63,11591200.0
2025-11-07,BMY,46.72,46.99,46.32,46.69,46.69,9007501.0
2025-11-10,BMY,46.67,47.395,46.67,47.26,47.26,10739260.0
2025-11-11,BMY,47.48,48.74,47.45,48.72,48.72,14446012.0
2025-11-12,BMY,48.98,49.725,48.72,49.08,49.08,12717155.0
2025-11-13,BMY,49.42,49.99,48.48,48.63,48.63,14502621.0
2025-11-14,BMY,48.27,48.3675,46.12,46.65,46.65,19779277.0
2025-11-17,BMY,46.52,47.725,46.52,46.81,46.81,12851577.0
2025-11-18,BMY,46.76,47.64,46.76,47.06,47.06,14588773.0
2025-11-19,BMY,47.0,47.0,45.74,45.79,45.79,14825040.0
2025-11-20,BMY,45.815,46.2,45.265,45.94,45.94,12137612.0
2025-11-21,BMY,46.2,46.99,45.52,46.25,46.25,14183520.0
2025-11-24,BMY,48.2,48.625,47.575,47.76,47.76,27383780.0
2025-11-25,BMY,48.17,49.4,48.1,49.05,49.05,14999966.0
2025-11-26,BMY,49.0,49.5,48.8,49.25,49.25,11373482.0
2025-11-28,BMY,49.21,49.3699,49.005,49.2,49.2,6187103.0
2025-12-01,BMY,49.23,49.86,48.76,49.18,49.18,11772868.0
2025-12-02,BMY,49.0,49.18,48.22,48.25,48.25,14475664.0
2025-12-03,BMY,49.94,51.34,49.425,50.96,50.96,27120129.0
2025-12-04,BMY,50.75,52.08,50.225,51.95,51.95,20467634.0
2025-10-06,BRKR,36.89,36.945,35.66,36.46,36.46,3417343.0
2025-10-07,BRKR,36.75,36.875,34.37,34.56,34.56,2820185.0
2025-10-08,BRKR,34.64,35.3701,34.1,34.63,34.63,2660621.0
2025-10-09,BRKR,34.84,37.2491,34.67,35.93,35.93,5610466.0
2025-10-10,BRKR,36.2,36.69,34.83,35.28,35.28,3703127.0
2025-10-13,BRKR,35.83,37.11,35.57,36.23,36.23,3254961.0
2025-10-14,BRKR,35.68,37.1,35.56,36.52,36.52,2259600.0
2025-10-15,BRKR,36.66,37.8,36.09,36.2,36.2,3878811.0
2025-10-16,BRKR,36.82,38.725,36.52,38.2,38.2,4243429.0
2025-10-17,BRKR,37.97,38.63,36.695,36.98,36.98,2473882.0
2025-10-20,BRKR,37.52,38.75,37.29,38.11,38.11,1625597.0
2025-10-21,BRKR,38.62,39.76,38.6,38.78,38.78,2262710.0
2025-10-22,BRKR,39.09,40.23,38.59,38.95,38.95,1990248.0
2025-10-23,BRKR,39.28,40.32,38.95,39.71,39.71,2678787.0
2025-10-24,BRKR,41.02,41.08,38.94,39.0,39.0,3353855.0
2025-10-27,BRKR,38.82,39.42,38.36,38.64,38.64,1991048.0
2025-10-28,BRKR,38.68,39.39,38.09,38.72,38.72,2118021.0
2025-10-29,BRKR,38.47,38.9688,37.45,37.74,37.74,2796210.0
2025-10-30,BRKR,37.36,37.72,36.17,36.4,36.4,3351920.0
2025-10-31,BRKR,36.31,39.215,36.06,38.94,38.94,4788366.0
2025-11-03,BRKR,37.745,39.87,37.0,38.71,38.71,4255168.0
2025-11-04,BRKR,38.625,40.69,38.28,40.38,40.38,5128439.0
2025-11-05,BRKR,39.45,40.74,39.19,40.2,40.2,3326642.0
2025-11-06,BRKR,40.07,40.435,38.75,39.31,39.31,2612070.0
2025-11-07,BRKR,38.71,40.08,38.43,39.93,39.93,2321527.0
2025-11-10,BRKR,40.11,40.98,39.91,40.78,40.78,1929865.0
2025-11-11,BRKR,40.6,41.81,40.5001,41.73,41.73,2282087.0
2025-11-12,BRKR,41.19,42.77,41.01,42.49,42.49,2800357.0
2025-11-13,BRKR,41.98,43.37,41.705,41.79,41.79,2669800.0
2025-11-14,BRKR,41.18,42.09,40.64,41.62,41.62,1776193.0
2025-11-17,BRKR,41.47,42.69,40.905,41.77,41.77,2427166.0
2025-11-18,BRKR,41.7,43.15,41.5,42.66,42.66,2885376.0
2025-11-19,BRKR,42.66,43.72,42.66,43.39,43.39,2522809.0
2025-11-20,BRKR,44.36,45.74,43.61,43.84,43.84,2979597.0
2025-11-21,BRKR,44.2,47.525,43.84,47.27,47.27,2855310.0
2025-11-24,BRKR,47.03,47.805,46.2598,47.56,47.56,2156982.0
2025-11-25,BRKR,47.43,49.72,47.325,49.33,49.33,3009353.0
2025-11-26,BRKR,49.46,49.46,47.94,49.03,49.03,2520355.0
2025-11-28,BRKR,49.0,49.19,48.48,48.81,48.81,1048522.0
2025-12-01,BRKR,48.62,49.39,47.575,47.86,47.86,2641663.0
2025-12-02,BRKR,47.82,48.26,47.03,47.29,47.29,2296485.0
2025-12-03,BRKR,47.29,48.8,47.29,47.86,47.86,1589247.0
2025-12-04,BRKR,47.39,48.835,45.37,48.38,48.38,2615284.0
2025-10-06,BXSL,26.49,26.79,25.98,26.04,26.04,2418969.0
2025-10-07,BXSL,26.15,26.231,25.63,25.75,25.75,2610949.0
2025-10-08,BXSL,25.8,26.24,25.8,25.93,25.93,2457828.0
2025-10-09,BXSL,25.96,25.97,25.2,25.29,25.29,3320771.0
2025-10-10,BXSL,25.32,25.4,24.85,25.02,25.02,3838540.0
2025-10-13,BXSL,25.24,25.99,25.2,25.99,25.99,3504373.0
2025-10-14,BXSL,25.8,26.48,25.7009,26.41,26.41,3076855.0
2025-10-15,BXSL,26.51,26.77,26.35,26.46,26.46,2486853.0
2025-10-16,BXSL,26.5,26.55,25.82,25.97,25.97,2311446.0
2025-10-17,BXSL,25.88,26.08,25.695,25.96,25.96,3007947.0
2025-10-20,BXSL,26.05,26.08,25.65,25.95,25.95,2036941.0
2025-10-21,BXSL,26.0,26.6,25.96,26.44,26.44,2086564.0
2025-10-22,BXSL,26.46,26.69,26.2,26.4,26.4,1823316.0
2025-10-23,BXSL,26.44,26.8795,26.44,26.58,26.58,2160295.0
2025-10-24,BXSL,26.74,27.25,26.685,26.8,26.8,2436407.0
2025-10-27,BXSL,26.9,27.1,26.7014,27.01,27.01,1610773.0
2025-10-28,BXSL,27.01,27.32,26.96,27.16,27.16,1684360.0
2025-10-29,BXSL,27.1,27.37,26.9366,27.03,27.03,1709545.0
2025-10-30,BXSL,26.97,27.0,26.17,26.39,26.39,2070830.0
2025-10-31,BXSL,26.37,26.535,26.14,26.44,26.44,1481349.0
2025-11-03,BXSL,26.44,26.485,26.0,26.42,26.42,1234075.0
2025-11-04,BXSL,26.225,26.4,26.04,26.22,26.22,1455114.0
2025-11-05,BXSL,26.285,26.33,25.85,26.14,26.14,1363928.0
2025-11-06,BXSL,26.14,26.56,25.95,25.96,25.96,1583910.0
2025-11-07,BXSL,25.88,26.54,25.82,26.49,26.49,1927557.0
2025-11-10,BXSL,26.77,27.06,26.41,26.6,26.6,1862232.0
2025-11-11,BXSL,26.52,26.77,26.35,26.65,26.65,1491680.0
2025-11-12,BXSL,26.695,26.92,26.62,26.77,26.77,1476718.0
2025-11-13,BXSL,26.64,26.86,26.42,26.62,26.62,1749748.0
2025-11-14,BXSL,26.58,26.74,26.3601,26.66,26.66,1326401.0
2025-11-17,BXSL,26.558,26.6855,26.21,26.21,26.21,1822836.0
2025-11-18,BXSL,26.03,26.4,25.8065,26.29,26.29,1458083.0
2025-11-19,BXSL,26.2,26.68,26.14,26.31,26.31,1315306.0
2025-11-20,BXSL,26.425,26.72,25.81,26.15,26.15,2567560.0
2025-11-21,BXSL,26.2,26.7199,25.99,26.55,26.55,1440461.0
2025-11-24,BXSL,26.61,26.88,26.41,26.87,26.87,1314063.0
2025-11-25,BXSL,26.88,27.345,26.84,27.24,27.24,1517115.0
2025-11-26,BXSL,27.34,27.685,27.2906,27.49,27.49,1453074.0
2025-11-28,BXSL,27.65,27.8199,27.521,27.59,27.59,712182.0
2025-12-01,BXSL,27.51,27.8165,27.485,27.61,27.61,1363732.0
2025-12-02,BXSL,27.8,27.85,27.1901,27.44,27.44,1782229.0
2025-12-03,BXSL,27.545,28.09,27.545,28.09,28.09,1374579.0
2025-12-04,BXSL,28.11,28.3,28.03,28.26,28.26,1516964.0
2025-10-06,CADE,38.25,39.48,38.225,38.75,38.75,3835599.0
2025-10-07,CADE,38.845,39.23,38.63,39.08,39.08,2178671.0
2025-10-08,CADE,39.25,40.2,38.94,39.53,39.53,5204701.0
2025-10-09,CADE,39.53,39.875,39.08,39.77,39.77,3108245.0
2025-10-10,CADE,39.83,40.23,37.67,37.69,37.69,3336097.0
2025-10-13,CADE,38.145,38.71,37.996,38.47,38.47,2506131.0
2025-10-14,CADE,38.29,39.72,37.94,39.47,39.47,1823958.0
2025-10-15,CADE,39.76,39.76,38.81,39.0,39.0,2868456.0
2025-10-16,CADE,38.755,39.01,35.485,35.82,35.82,4821378.0
2025-10-17,CADE,36.51,36.75,35.84,36.53,36.53,2448726.0
2025-10-20,CADE,36.85,37.425,36.661,37.06,37.06,2764582.0
2025-10-21,CADE,36.37,36.585,34.81,35.63,35.63,7037242.0
2025-10-22,CADE,36.37,36.37,35.34,35.39,35.39,2810098.0
2025-10-23,CADE,35.52,35.7,35.16,35.41,35.41,1783005.0
2025-10-24,CADE,35.73,36.7,35.73,36.49,36.49,2564823.0
2025-10-27,CADE,37.7,38.645,37.51,38.09,38.09,31608912.0
2025-10-28,CADE,37.75,38.36,37.495,37.89,37.89,14291632.0
2025-10-29,CADE,37.785,37.88,36.67,37.04,37.04,8777932.0
2025-10-30,CADE,36.97,37.82,36.8458,37.38,37.38,6680688.0
2025-10-31,CADE,37.4,37.8,36.92,37.74,37.74,4588852.0
2025-11-03,CADE,37.645,37.68,37.04,37.58,37.58,3517159.0
2025-11-04,CADE,37.265,37.48,36.84,37.23,37.23,3758267.0
2025-11-05,CADE,37.405,37.685,37.08,37.31,37.31,5155146.0
2025-11-06,CADE,37.12,37.86,37.09,37.57,37.57,2743550.0
2025-11-07,CADE,37.31,38.43,37.3,38.43,38.43,3128492.0
2025-11-10,CADE,38.605,38.96,38.29,38.74,38.74,1881606.0
2025-11-11,CADE,38.65,39.0,38.5243,38.57,38.57,3068762.0
2025-11-12,CADE,38.69,39.38,38.62,38.86,38.86,2908666.0
2025-11-13,CADE,38.75,39.07,38.3,38.37,38.37,2329262.0
2025-11-14,CADE,37.94,38.59,37.74,38.41,38.41,3913193.0
2025-11-17,CADE,38.1948,38.4372,37.15,37.24,37.24,3616593.0
2025-11-18,CADE,37.135,37.83,36.96,37.51,37.51,2896589.0
2025-11-19,CADE,37.4,37.795,37.21,37.67,37.67,3686692.0
2025-11-20,CADE,37.94,38.36,37.375,37.43,37.43,2570837.0
2025-11-21,CADE,37.71,39.35,37.57,38.96,38.96,3107966.0
2025-11-24,CADE,39.05,39.3,38.71,38.96,38.96,1844427.0
2025-11-25,CADE,39.12,39.73,39.02,39.62,39.62,4039765.0
2025-11-26,CADE,39.69,40.095,39.55,39.77,39.77,3249572.0
2025-11-28,CADE,39.9,40.035,39.71,39.84,39.84,754998.0
2025-12-01,CADE,39.645,40.56,39.53,40.55,40.55,2776840.0
2025-12-02,CADE,40.68,40.83,40.26,40.52,40.52,1284710.0
2025-12-03,CADE,40.62,41.88,40.52,41.86,41.86,2716330.0
2025-12-04,CADE,41.6,42.17,41.6,42.03,42.03,1608973.0
2025-10-06,CART,38.63,39.49,37.76,37.85,37.85,9561418.0
2025-10-07,CART,37.835,39.04,37.17,38.99,38.99,8215189.0
2025-10-08,CART,38.96,39.69,38.59,39.65,39.65,4118095.0
2025-10-09,CART,39.56,39.85,38.67,39.09,39.09,4726738.0
2025-10-10,CART,39.1,39.26,38.29,38.31,38.31,3897338.0
2025-10-13,CART,38.77,39.86,38.49,38.73,38.73,5078762.0
2025-10-14,CART,38.7,39.665,38.04,39.47,39.47,4865803.0
2025-10-15,CART,39.1,39.94,39.0,39.55,39.55,2862754.0
2025-10-16,CART,39.55,40.2,38.37,38.99,38.99,3633413.0
2025-10-17,CART,38.81,39.54,38.285,38.49,38.49,3668403.0
2025-10-20,CART,38.85,39.48,38.61,38.95,38.95,3699695.0
2025-10-21,CART,39.04,39.595,38.25,38.81,38.81,4955997.0
2025-10-22,CART,38.58,39.565,38.28,39.47,39.47,3597930.0
2025-10-23,CART,38.93,39.54,38.37,39.42,39.42,5520138.0
2025-10-24,CART,39.68,39.88,38.75,39.15,39.15,3671244.0
2025-10-27,CART,39.0,39.36,38.13,38.35,38.35,4930583.0
2025-10-28,CART,38.5,38.795,37.74,37.82,37.82,3836863.0
2025-10-29,CART,37.57,37.88,37.38,37.79,37.79,3477718.0
2025-10-30,CART,37.04,37.55,36.28,36.65,36.65,5008878.0
2025-10-31,CART,36.65,36.89,35.7,36.86,36.86,8176093.0
2025-11-03,CART,37.06,37.785,36.46,37.44,37.44,7368763.0
2025-11-04,CART,36.71,37.45,36.055,36.47,36.47,6752682.0
2025-11-05,CART,36.67,36.835,35.96,36.39,36.39,4842161.0
2025-11-06,CART,36.31,36.31,34.78,34.98,34.98,6520906.0
2025-11-07,CART,35.04,36.99,35.0,36.75,36.75,15132410.0
2025-11-10,CART,38.69,38.8,35.25,37.33,37.33,12557587.0
2025-11-11,CART,38.035,40.28,38.035,39.2,39.2,12707959.0
2025-11-12,CART,39.63,40.35,39.28,39.41,39.41,6460835.0
2025-11-13,CART,39.44,40.7386,39.44,40.33,40.33,6075529.0
2025-11-14,CART,39.54,41.745,39.54,41.05,41.05,8065030.0
2025-11-17,CART,40.66,41.935,40.29,40.51,40.51,8638591.0
2025-11-18,CART,40.71,41.84,40.5101,41.23,41.23,5292007.0
2025-11-19,CART,41.25,41.788,41.0001,41.43,41.43,4976206.0
2025-11-20,CART,41.4,41.95,40.08,40.14,40.14,5787036.0
2025-11-21,CART,40.02,41.05,39.64,40.19,40.19,5627448.0
2025-11-24,CART,40.39,41.095,40.27,40.44,40.44,5475604.0
2025-11-25,CART,40.74,42.645,40.7,42.19,42.19,5553727.0
2025-11-26,CART,42.13,42.7299,41.865,42.2,42.2,3876324.0
2025-11-28,CART,42.33,42.6,41.93,42.01,42.01,2321581.0
2025-12-01,CART,41.76,42.86,41.41,42.79,42.79,5315996.0
2025-12-02,CART,41.68,41.951,41.07,41.53,41.53,6740491.0
2025-12-03,CART,41.6,42.9255,41.51,42.62,42.62,3422514.0
2025-12-04,CART,42.62,43.35,42.56,43.131,43.131,3426566.0
