Date,Ticker,Open,High,Low,Close,Adj Close,Volume,RSI,L3,H3,BullishEngulfing,BearishEngulfing
2025-10-27,AA,39.74,40.81,39.3417,39.9,39.9,7207004.0,61.018658598083704,35.45,41.55,False,False
2025-10-28,AA,39.745,39.94,39.09,39.31,39.31,6073428.0,55.955532027527795,37.685,41.55,False,False
2025-10-29,AA,39.95,40.0,38.7,38.91,38.91,6292776.0,54.96619864794591,37.78,40.81,False,False
2025-10-30,AA,37.945,38.0,36.3,36.76,36.76,10180221.0,54.484536082474214,38.7,40.81,False,False
2025-10-31,AA,37.02,37.02,36.42,36.79,36.79,4578328.0,51.48351648351648,36.3,40.0,False,False
2025-11-03,AA,37.0,37.34,36.595,37.2,37.2,5225603.0,54.00331308669244,36.3,40.0,False,False
2025-11-04,AA,35.91,36.6727,35.215,35.26,35.26,4886109.0,46.89762150982419,36.3,38.0,False,False
2025-11-05,AA,35.48,36.26,35.26,35.74,35.74,5215141.0,46.37075718015666,35.215,37.34,False,False
2025-11-06,AA,36.02,37.5,35.8,36.7,36.7,8742045.0,51.92612137203167,35.215,37.34,False,False
2025-11-07,AA,36.07,37.58,35.54,37.32,37.32,4693758.0,45.05428226779252,35.215,37.5,False,False
2025-11-10,AA,38.5,39.17,38.22,38.79,38.79,5676473.0,54.779411764705884,35.26,37.58,False,False
2025-11-11,AA,38.8,38.875,37.355,37.48,37.48,4301533.0,55.70093457943924,35.54,39.17,False,True
2025-11-12,AA,38.165,40.38,38.145,40.03,40.03,8544680.0,49.61020552799434,35.54,39.17,False,False
2025-11-13,AA,40.0531,40.25,37.69,38.19,38.19,7396132.0,45.96191726854891,37.355,40.38,False,False
2025-11-14,AA,36.83,38.145,36.42,37.59,37.59,4371664.0,42.475570032573316,37.355,40.38,False,False
2025-11-17,AA,37.02,37.04,35.36,35.78,35.78,6772240.0,39.34821967410985,36.42,40.38,False,False
2025-11-18,AA,35.45,36.87,35.17,36.55,36.55,5739871.0,43.03423848878395,35.36,40.25,False,False
2025-11-19,AA,36.53,37.16,36.23,36.72,36.72,4079299.0,49.86631016042781,35.17,38.145,False,False
2025-11-20,AA,37.4,38.28,35.55,35.83,35.83,5687481.0,46.96586599241467,35.17,37.16,False,True
2025-11-21,AA,35.715,36.965,35.12,36.34,36.34,5183018.0,47.29899497487438,35.17,38.28,False,False
2025-11-24,AA,36.98,38.835,36.63,38.72,38.72,4911601.0,60.57457212713936,35.12,38.28,False,False
2025-11-25,AA,38.87,39.76,38.49,39.2,39.2,5009117.0,60.57457212713936,35.12,38.835,False,False
2025-11-26,AA,39.695,42.16,39.6,41.57,41.57,7661971.0,63.702870005627446,35.12,39.76,False,False
2025-11-28,AA,42.11,42.17,41.48,41.74,41.74,3768964.0,62.75981524249423,36.63,42.16,False,False
2025-12-01,AA,41.845,42.73,41.45,41.65,41.65,7454908.0,58.97114178168129,38.49,42.17,False,False
2025-12-02,AA,41.66,42.229,41.3,41.45,41.45,5932400.0,63.385030343897526,39.6,42.73,False,False
2025-12-03,AA,42.4,44.96,42.32,44.1,44.1,8937510.0,63.63027461486939,41.3,42.73,False,False
2025-12-04,AA,43.9,44.46,43.52,44.01,44.01,5537510.0,72.07890743550834,41.3,44.96,False,False
2025-10-27,ACAD,22.25,23.01,21.96,22.99,22.99,2210764.0,60.902255639097746,20.875,22.19,False,False
2025-10-28,ACAD,22.99,23.045,22.55,22.62,22.62,1330735.0,59.64653902798236,21.07,23.01,False,False
2025-10-29,ACAD,22.55,22.92,22.048,22.53,22.53,2081368.0,65.32258064516134,21.475,23.045,False,False
2025-10-30,ACAD,22.24,22.88,22.1501,22.74,22.74,1190343.0,72.9452054794521,21.96,23.045,True,False
2025-10-31,ACAD,22.55,22.905,22.25,22.7,22.7,1416277.0,72.44897959183677,22.048,23.045,False,False
2025-11-03,ACAD,22.5,22.78,21.87,22.37,22.37,1815849.0,67.00507614213203,22.048,22.92,False,False
2025-11-04,ACAD,21.98,22.2,21.72,21.85,21.85,1385840.0,51.08910891089112,21.87,22.905,False,False
2025-11-05,ACAD,21.76,22.52,21.68,22.33,22.33,2342153.0,69.38775510204084,21.72,22.905,True,False
2025-11-06,ACAD,23.58,23.58,20.64,21.65,21.65,2314251.0,57.88381742738589,21.68,22.78,False,True
2025-11-07,ACAD,21.88,22.73,21.61,22.57,22.57,1558901.0,64.32337434094906,20.64,23.58,False,False
2025-11-10,ACAD,22.8,22.895,22.08,22.2,22.2,1432059.0,58.115183246073315,20.64,23.58,False,False
2025-11-11,ACAD,22.14,23.83,22.0,23.72,23.72,1673552.0,66.33941093969146,20.64,23.58,True,False
2025-11-12,ACAD,23.48,24.39,23.38,24.13,24.13,2390569.0,66.66666666666669,21.61,23.83,False,False
2025-11-13,ACAD,23.96,24.39,23.49,23.64,23.64,2046048.0,60.945945945945965,22.0,24.39,False,False
2025-11-14,ACAD,23.29,24.11,23.2,24.02,24.02,1241111.0,57.562408223201196,22.0,24.39,True,False
2025-11-17,ACAD,23.65,24.5,23.34,24.01,24.01,1207113.0,60.77519379844964,23.2,24.39,False,False
2025-11-18,ACAD,23.69,24.075,23.5,23.8,23.8,1613746.0,59.665144596651466,23.2,24.5,False,False
2025-11-19,ACAD,23.61,23.725,22.85,23.1,23.1,1449537.0,52.549575070821554,23.2,24.5,False,False
2025-11-20,ACAD,23.49,23.61,22.81,22.9,22.9,1148764.0,51.38504155124652,22.85,24.5,False,False
2025-11-21,ACAD,23.04,23.98,22.84,23.56,23.56,1353669.0,57.88079470198674,22.81,24.075,False,False
2025-11-24,ACAD,23.57,23.925,23.1,23.9,23.9,1837394.0,63.90773405698778,22.81,23.98,False,False
2025-11-25,ACAD,24.07,24.66,24.0,24.39,24.39,1143446.0,63.95663956639567,22.81,23.98,False,False
2025-11-26,ACAD,24.22,25.2,24.2,24.81,24.81,1880081.0,72.19101123595505,22.84,24.66,False,False
2025-11-28,ACAD,24.93,25.12,24.56,25.04,25.04,563252.0,69.20684292379471,23.1,25.2,False,False
2025-12-01,ACAD,24.74,25.21,24.585,24.85,24.85,1077163.0,71.20000000000003,24.0,25.2,False,False
2025-12-02,ACAD,25.24,25.675,24.87,25.43,25.43,1726438.0,66.10169491525426,24.2,25.21,False,False
2025-12-03,ACAD,25.51,26.12,25.29,25.88,25.88,1436234.0,66.35514018691592,24.56,25.675,False,False
2025-12-04,ACAD,25.57,26.76,25.4,26.55,26.55,1811933.0,76.31103074141049,24.585,26.12,False,False
2025-10-27,ACM,134.5199,134.5199,131.86,132.55,132.55,611665.0,56.6552901023891,129.8,134.54,False,False
2025-10-28,ACM,132.26,133.3,131.05,132.31,132.31,530269.0,49.1939423546654,129.88,134.5199,False,False
2025-10-29,ACM,133.0,134.7,131.65,133.48,133.48,699655.0,55.39674716609168,131.05,134.5199,False,False
2025-10-30,ACM,132.68,134.9999,132.44,133.66,133.66,615567.0,63.51501668520575,131.05,134.7,False,False
2025-10-31,ACM,133.255,135.0,132.885,134.35,134.35,1213812.0,58.79396984924618,131.05,134.9999,False,False
2025-11-03,ACM,133.775,133.92,131.7,131.76,131.76,952525.0,47.74414620217013,131.65,135.0,False,False
2025-11-04,ACM,129.802,131.59,128.2988,130.81,130.81,623754.0,44.5054945054945,131.7,135.0,False,False
2025-11-05,ACM,131.015,132.815,130.58,132.21,132.21,722332.0,53.40078695896574,128.2988,135.0,False,False
2025-11-06,ACM,132.32,133.065,129.38,130.15,130.15,659235.0,48.174442190669374,128.2988,133.92,False,True
2025-11-07,ACM,129.33,130.93,127.85,130.75,130.75,528340.0,41.733181299885956,128.2988,133.065,False,False
2025-11-10,ACM,132.38,132.42,129.79,130.67,130.67,437385.0,39.58944281524924,127.85,133.065,False,False
2025-11-11,ACM,130.14,132.01,129.713,131.73,131.73,617311.0,55.54765291607397,127.85,133.065,False,False
2025-11-12,ACM,131.77,133.45,131.5,132.72,132.72,769091.0,50.90337784760405,127.85,132.42,False,False
2025-11-13,ACM,133.43,135.52,132.7,133.8,133.8,1349472.0,53.4277198211625,129.713,133.45,False,False
2025-11-14,ACM,132.37,134.055,131.39,133.52,133.52,1109058.0,53.627524308152566,129.713,135.52,False,False
2025-11-17,ACM,133.01,134.36,131.575,131.92,131.92,1663290.0,48.67617107942969,131.39,135.52,False,False
2025-11-18,ACM,129.0,131.57,123.5919,127.14,127.14,1843869.0,32.71537622682668,131.39,135.52,False,False
2025-11-19,ACM,126.535,127.0,112.275,113.03,113.03,3066097.0,18.0353269290363,123.5919,134.36,False,False
2025-11-20,ACM,113.79,115.27,105.365,106.14,106.14,2925595.0,13.335066285417255,112.275,134.36,False,False
2025-11-21,ACM,105.5,105.85,102.8,103.52,103.52,2657540.0,13.324675324675368,105.365,131.57,False,False
2025-11-24,ACM,104.07,105.77,103.75,103.85,103.85,2425981.0,14.413938753959911,102.8,127.0,False,False
2025-11-25,ACM,103.965,105.1359,102.54,103.88,103.88,2016801.0,11.202410298548372,102.8,115.27,False,False
2025-11-26,ACM,104.475,106.4,103.97,105.46,105.46,1644887.0,15.736885928393036,102.54,105.85,False,False
2025-11-28,ACM,105.85,106.21,102.8,103.13,103.13,1447643.0,13.426906779661067,102.54,106.4,False,True
2025-12-01,ACM,102.13,103.6,101.4,101.52,101.52,2231544.0,12.904046831254817,102.54,106.4,False,False
2025-12-02,ACM,102.4,103.43,101.07,101.98,101.98,1781629.0,11.55337296459038,101.4,106.4,False,False
2025-12-03,ACM,102.525,103.935,101.6834,103.89,103.89,1352845.0,13.607674829588518,101.07,106.21,False,False
2025-12-04,ACM,103.475,105.42,103.05,105.16,105.16,1569558.0,14.020100502512548,101.07,103.935,False,False
2025-10-27,ADI,239.695,244.11,238.345,243.01,243.01,3506236.0,58.114265685243595,236.63,245.51,False,False
2025-10-28,ADI,241.51,243.68,238.84,239.35,239.35,2420972.0,51.25574814290766,236.63,245.51,False,False
2025-10-29,ADI,239.76,241.9053,234.52,235.04,235.04,3438519.0,47.66447368421053,236.63,245.51,False,False
2025-10-30,ADI,235.04,236.625,232.82,232.9,232.9,2940363.0,57.52282651845972,234.52,244.11,False,False
2025-10-31,ADI,232.9,235.63,231.54,234.13,234.13,2698153.0,49.36109796497871,232.82,243.68,False,False
2025-11-03,ADI,234.95,237.0,232.61,233.61,233.61,2266928.0,47.87158145065399,231.54,241.9053,False,False
2025-11-04,ADI,233.01,233.78,228.76,229.38,229.38,3956608.0,39.92648747989889,231.54,237.0,False,False
2025-11-05,ADI,230.09,238.48,230.09,236.0,236.0,2971902.0,43.99228956950094,228.76,237.0,False,False
2025-11-06,ADI,235.19,237.04,231.2,232.88,232.88,3126797.0,39.71163748712665,228.76,238.48,False,False
2025-11-07,ADI,229.4,230.805,223.47,228.48,228.48,4583664.0,32.11693548387095,228.76,238.48,False,False
2025-11-10,ADI,231.86,233.23,228.33,232.0,232.0,3264201.0,36.43571833113082,223.47,238.48,False,False
2025-11-11,ADI,231.51,235.0,231.435,233.41,233.41,3159992.0,42.815794914202996,223.47,237.04,False,False
2025-11-12,ADI,236.92,242.0,235.835,241.44,241.44,4677722.0,48.27005797643539,223.47,235.0,False,False
2025-11-13,ADI,239.64,241.315,235.44,237.53,237.53,4897499.0,49.53934740882919,228.33,242.0,False,False
2025-11-14,ADI,234.19,237.045,230.43,234.89,234.89,3319687.0,41.83755528749497,231.435,242.0,False,False
2025-11-17,ADI,233.03,234.22,227.78,229.94,229.94,3885305.0,40.77993337252597,230.43,242.0,False,False
2025-11-18,ADI,229.85,232.35,227.72,230.13,230.13,3953373.0,44.76657429119591,227.78,241.315,False,False
2025-11-19,ADI,229.54,234.3999,229.325,232.2,232.2,2790492.0,49.25277540563619,227.72,237.045,False,False
2025-11-20,ADI,234.29,235.2791,224.25,225.2,225.2,4316566.0,41.51302033833872,227.72,234.3999,False,True
2025-11-21,ADI,225.63,234.53,225.0,232.32,232.32,4467337.0,48.91065698361761,224.25,235.2791,False,False
2025-11-24,ADI,233.65,240.76,233.25,239.4,239.4,8219853.0,58.07283274250726,224.25,235.2791,False,False
2025-11-25,ADI,230.6,252.48,229.29,252.02,252.02,7515103.0,61.769027328827505,224.25,240.76,False,False
2025-11-26,ADI,255.22,260.74,252.92,257.92,257.92,5253418.0,67.67363071710898,225.0,252.48,False,False
2025-11-28,ADI,259.36,265.75,258.0401,265.34,265.34,2589650.0,74.95261305171947,229.29,260.74,False,False
2025-12-01,ADI,262.95,268.47,262.0,266.51,266.51,7333468.0,74.1294923786883,229.29,265.75,False,False
2025-12-02,ADI,268.19,274.125,266.04,272.97,272.97,5266424.0,75.83594566353189,252.92,268.47,False,False
2025-12-03,ADI,274.49,278.78,271.58,278.24,278.24,4203067.0,74.93224932249322,258.0401,274.125,False,False
2025-12-04,ADI,277.36,279.55,275.54,277.26,277.26,3253658.0,78.03019613376603,262.0,278.78,False,False
2025-10-27,ADMA,15.3,15.655,14.58,15.6,15.6,4100870.0,72.29916897506922,14.71,16.08,False,False
2025-10-28,ADMA,15.36,15.6,15.22,15.57,15.57,3053450.0,65.78073089700996,14.58,16.08,False,False
2025-10-29,ADMA,15.54,15.75,15.29,15.53,15.53,2474721.0,63.48122866894195,14.58,16.08,False,False
2025-10-30,ADMA,15.41,15.76,15.255,15.27,15.27,2281964.0,62.207357859531776,14.58,15.75,False,False
2025-10-31,ADMA,15.2,15.505,15.07,15.48,15.48,2491835.0,64.57680250783699,15.22,15.76,True,False
2025-11-03,ADMA,15.49,15.68,15.1045,15.37,15.37,3870575.0,57.24137931034481,15.07,15.76,False,False
2025-11-04,ADMA,15.17,15.58,14.62,14.63,14.63,3673851.0,43.428571428571445,15.07,15.76,False,False
2025-11-05,ADMA,14.52,15.65,14.4206,15.37,15.37,6470779.0,60.9164420485175,14.62,15.68,True,False
2025-11-06,ADMA,14.89,15.24,13.83,14.03,14.03,9495027.0,46.597938144329895,14.4206,15.68,False,False
2025-11-07,ADMA,14.06,14.52,13.76,14.52,14.52,4568547.0,48.30339321357285,13.83,15.65,False,False
2025-11-10,ADMA,14.63,14.7927,14.18,14.71,14.71,3864067.0,49.951690821256044,13.76,15.65,False,False
2025-11-11,ADMA,14.76,16.07,14.7001,16.03,16.03,4827513.0,57.190082644628106,13.76,15.24,False,False
2025-11-12,ADMA,16.07,16.67,15.93,16.46,16.46,4112945.0,59.4679186228482,13.76,16.07,False,False
2025-11-13,ADMA,16.345,16.48,15.665,15.7,15.7,3774829.0,53.67231638418078,14.18,16.67,False,False
2025-11-14,ADMA,15.45,15.9,15.395,15.56,15.56,2825507.0,49.70588235294119,14.7001,16.67,False,False
2025-11-17,ADMA,15.41,15.61,15.22,15.42,15.42,2299637.0,48.91461649782923,15.395,16.67,False,False
2025-11-18,ADMA,15.35,15.72,15.24,15.69,15.69,1786353.0,51.120448179271705,15.22,16.48,False,False
2025-11-19,ADMA,15.72,16.03,15.46,15.95,15.95,2772544.0,54.76190476190476,15.22,15.9,False,False
2025-11-20,ADMA,16.25,16.95,16.23,16.36,16.36,3496601.0,55.99455040871934,15.22,16.03,False,False
2025-11-21,ADMA,16.36,17.57,16.3,17.18,17.18,4308716.0,61.24223602484472,15.24,16.95,False,False
2025-11-24,ADMA,17.23,18.44,17.16,18.32,18.32,5154931.0,71.83431952662721,15.46,17.57,False,False
2025-11-25,ADMA,18.34,19.22,18.3,19.21,19.21,3749418.0,72.32558139534883,16.23,18.44,False,False
2025-11-26,ADMA,19.06,19.48,19.0,19.14,19.14,4074481.0,84.85675306957707,16.3,19.22,False,False
2025-11-28,ADMA,19.31,19.4366,18.8214,19.18,19.18,1258556.0,83.86627906976743,17.16,19.48,False,False
2025-12-01,ADMA,18.96,19.48,18.73,19.38,19.38,3757642.0,83.88969521044991,18.3,19.48,True,False
2025-12-02,ADMA,19.43,19.885,19.05,19.25,19.25,2658033.0,78.24561403508771,18.73,19.48,False,False
2025-12-03,ADMA,19.37,20.14,19.25,19.72,19.72,2635028.0,78.39721254355399,18.73,19.885,False,False
2025-12-04,ADMA,19.61,20.22,19.56,20.11,20.11,2706778.0,91.0614525139665,18.73,20.14,False,False
2025-10-27,AEO,16.94,17.135,16.73,16.88,16.88,4879252.0,62.0274914089347,15.3217,16.8165,False,False
2025-10-28,AEO,16.825,17.1944,16.6,16.79,16.79,4906953.0,60.48109965635739,15.7,17.135,False,False
2025-10-29,AEO,16.76,17.33,16.72,16.98,16.98,4758962.0,66.36851520572452,16.46,17.1944,True,False
2025-10-30,AEO,16.86,17.095,16.45,16.54,16.54,6123800.0,71.48362235067437,16.6,17.33,False,False
2025-10-31,AEO,16.43,16.815,16.21,16.71,16.71,4994097.0,66.21004566210047,16.45,17.33,False,False
2025-11-03,AEO,16.64,17.175,16.43,16.53,16.53,5806671.0,58.500000000000014,16.21,17.33,False,False
2025-11-04,AEO,16.212,16.45,15.87,16.18,16.18,4933539.0,62.734584450402124,16.21,17.175,False,False
2025-11-05,AEO,16.175,17.34,16.1,16.97,16.97,6262984.0,74.70167064439137,15.87,17.175,True,False
2025-11-06,AEO,16.72,16.85,16.43,16.6,16.6,4997209.0,68.29268292682929,15.87,17.34,False,False
2025-11-07,AEO,16.575,17.295,16.41,17.1,17.1,5698266.0,68.08035714285715,15.87,17.34,True,False
2025-11-10,AEO,17.48,17.97,17.38,17.78,17.78,8225479.0,70.99391480730223,16.1,17.34,False,False
2025-11-11,AEO,17.76,18.3,17.45,17.48,17.48,6256561.0,66.79462571976967,16.41,17.97,False,False
2025-11-12,AEO,17.7,18.26,17.7,17.81,17.81,5018031.0,63.26963906581741,16.41,18.3,False,False
2025-11-13,AEO,17.82,18.04,17.385,17.54,17.54,3820101.0,59.75855130784707,17.38,18.3,False,True
2025-11-14,AEO,17.01,17.805,16.96,17.56,17.56,5774645.0,57.26495726495726,17.385,18.3,False,False
2025-11-17,AEO,17.43,17.98,17.2787,17.66,17.66,6132297.0,59.27505330490406,16.96,18.26,False,False
2025-11-18,AEO,17.425,17.67,17.16,17.5,17.5,4057798.0,55.579399141630894,16.96,18.04,False,False
2025-11-19,AEO,17.715,17.94,17.355,17.49,17.49,4503868.0,61.229314420803775,16.96,17.98,False,False
2025-11-20,AEO,17.64,18.17,17.295,17.54,17.54,7621050.0,60.09732360097322,17.16,17.98,False,False
2025-11-21,AEO,17.5,18.755,17.5,18.55,18.55,7214291.0,70.44534412955464,17.16,18.17,True,False
2025-11-24,AEO,18.77,19.29,18.56,19.1,19.1,6918044.0,78.4046692607004,17.295,18.755,False,False
2025-11-25,AEO,19.19,20.015,19.02,19.66,19.66,8785124.0,77.3930753564155,17.295,19.29,False,False
2025-11-26,AEO,19.7,20.645,19.6,20.26,20.26,7166647.0,85.6031128404669,17.5,20.015,False,False
2025-11-28,AEO,20.32,20.53,20.16,20.4,20.4,3597311.0,84.51882845188281,18.56,20.645,False,False
2025-12-01,AEO,20.33,21.275,20.2,21.25,21.25,12849595.0,85.05050505050502,19.02,20.645,False,False
2025-12-02,AEO,21.32,21.44,20.725,20.83,20.83,17186158.0,83.0374753451676,19.6,21.275,False,False
2025-12-03,AEO,23.855,24.4099,23.07,23.97,23.97,33426616.0,89.08629441624362,20.16,21.44,False,False
2025-12-04,AEO,24.105,24.66,23.78,24.18,24.18,15156734.0,92.45524296675188,20.2,24.4099,False,False
2025-10-27,AKAM,75.5,76.08,75.3,75.49,75.49,1246324.0,45.11013215859031,74.2,76.405,False,False
2025-10-28,AKAM,75.4,76.155,74.91,75.75,75.75,1999202.0,45.77893820713665,74.2,76.08,True,False
2025-10-29,AKAM,75.96,75.965,72.92,73.01,73.01,1755229.0,40.43043812451962,74.76,76.155,False,True
2025-10-30,AKAM,72.86,75.2,72.76,73.93,73.93,1625652.0,52.95629820051418,72.92,76.155,False,False
2025-10-31,AKAM,73.82,75.49,73.68,75.1,75.1,1624160.0,55.293159609120515,72.76,76.155,False,False
2025-11-03,AKAM,75.21,75.35,73.805,74.53,74.53,2148697.0,51.751592356687894,72.76,75.965,False,False
2025-11-04,AKAM,73.95,74.13,70.82,71.97,71.97,2626519.0,44.21768707482991,72.76,75.49,False,False
2025-11-05,AKAM,72.63,73.55,71.67,72.98,72.98,3185796.0,50.06666666666671,70.82,75.49,False,False
2025-11-06,AKAM,73.76,73.88,71.93,73.0,73.0,3349389.0,50.4691689008043,70.82,75.35,False,False
2025-11-07,AKAM,78.9,86.23,76.75,83.74,83.74,9629176.0,69.55088586732593,70.82,74.13,False,False
2025-11-10,AKAM,83.81,88.465,83.0,87.12,87.12,5974684.0,71.32324408226623,71.67,86.23,False,False
2025-11-11,AKAM,86.96,92.0,86.31,90.61,90.61,5596445.0,78.55603448275866,71.93,88.465,False,False
2025-11-12,AKAM,90.62,91.76,89.38,90.1,90.1,3793434.0,77.41592920353983,76.75,92.0,False,False
2025-11-13,AKAM,89.97,91.8545,88.2,88.67,88.67,3597241.0,73.29001367989059,83.0,92.0,False,False
2025-11-14,AKAM,87.42,88.75,87.01,87.17,87.17,3715694.0,69.2739273927393,86.31,92.0,False,False
2025-11-17,AKAM,87.75,88.88,86.86,87.62,87.62,3936803.0,69.46539849130865,87.01,91.8545,False,False
2025-11-18,AKAM,87.3,88.7599,86.0,87.74,87.74,3681740.0,76.42626480086115,86.86,91.8545,False,False
2025-11-19,AKAM,87.63,88.145,86.1978,86.52,86.52,3994096.0,72.34646787362442,86.0,88.88,False,False
2025-11-20,AKAM,87.65,89.14,86.75,87.38,87.38,3366913.0,72.03876525484567,86.0,88.88,False,False
2025-11-21,AKAM,87.83,90.24,87.25,89.01,89.01,3663132.0,75.03457814661135,86.0,89.14,False,False
2025-11-24,AKAM,88.64,89.95,87.37,88.34,88.34,19566694.0,80.28116907140215,86.1978,90.24,False,False
2025-11-25,AKAM,88.495,91.005,87.33,90.71,90.71,3622342.0,81.22578372666432,86.75,90.24,False,False
2025-11-26,AKAM,90.61,90.76,89.37,89.45,89.45,2917908.0,77.75902801214987,87.25,91.005,False,False
2025-11-28,AKAM,89.47,89.93,89.34,89.52,89.52,1350948.0,65.2426160337553,87.33,91.005,False,False
2025-12-01,AKAM,89.39,89.43,87.55,87.71,87.71,3200619.0,51.69637722829209,87.33,91.005,False,False
2025-12-02,AKAM,88.0,88.2,86.061,86.83,86.83,2814473.0,37.21244925575099,87.55,90.76,False,False
2025-12-03,AKAM,86.83,88.47,86.63,87.97,87.97,2337276.0,43.08890330953926,86.061,89.93,False,False
2025-12-04,AKAM,87.82,88.12,86.295,86.6,86.6,2198467.0,43.25732899022798,86.061,89.43,False,False
2025-10-27,AKRO,53.84,53.93,53.69,53.85,53.85,1425262.0,90.42224510813594,53.4,53.92,False,False
2025-10-28,AKRO,53.81,54.05,53.745,54.0,54.0,2333315.0,90.07470651013874,53.58,53.93,False,False
2025-10-29,AKRO,53.91,54.07,53.84,54.0,54.0,1876772.0,47.752808988764095,53.67,54.05,False,False
2025-10-30,AKRO,54.08,54.31,53.935,54.26,54.26,1317185.0,60.3260869565216,53.69,54.07,False,False
2025-10-31,AKRO,54.25,54.301,54.07,54.2,54.2,1143125.0,66.07142857142884,53.745,54.31,False,False
2025-11-03,AKRO,54.11,54.2,54.0,54.09,54.09,1439635.0,58.53658536585377,53.84,54.31,False,False
2025-11-04,AKRO,54.02,54.1,53.99,54.03,54.03,1886680.0,64.42953020134239,53.935,54.31,False,False
2025-11-05,AKRO,54.03,54.1,54.0,54.05,54.05,1207567.0,63.44827586206909,53.99,54.301,False,False
2025-11-06,AKRO,54.03,54.1,53.9,53.91,53.91,2421135.0,52.48226950354588,53.99,54.2,False,False
2025-11-07,AKRO,53.95,54.1,53.93,54.04,54.04,1118177.0,54.4217687074831,53.9,54.1,False,False
2025-11-10,AKRO,54.09,54.18,54.02,54.14,54.14,2660930.0,61.64383561643852,53.9,54.1,False,False
2025-11-11,AKRO,54.14,54.3,54.09,54.25,54.25,1511963.0,73.18840579710155,53.9,54.18,False,False
2025-11-12,AKRO,54.25,54.37,54.215,54.3,54.3,1140216.0,71.96969696969703,53.93,54.3,False,False
2025-11-13,AKRO,54.25,54.32,54.16,54.2,54.2,1851340.0,65.69343065693448,54.02,54.37,False,False
2025-11-14,AKRO,54.2,54.37,54.1,54.25,54.25,1790277.0,64.92537313432851,54.09,54.37,True,False
2025-11-17,AKRO,54.26,54.365,54.24,54.35,54.35,1136428.0,63.56589147286843,54.1,54.37,False,False
2025-11-18,AKRO,54.31,54.4,54.27,54.33,54.33,811091.0,62.595419847328294,54.1,54.37,False,False
2025-11-19,AKRO,54.37,54.4,54.315,54.34,54.34,1375065.0,53.77358490566065,54.1,54.4,False,False
2025-11-20,AKRO,54.4,54.405,54.22,54.23,54.23,1217850.0,51.35135135135107,54.24,54.4,False,False
2025-11-21,AKRO,54.28,54.35,54.26,54.31,54.31,1123679.0,60.18518518518502,54.22,54.405,False,False
2025-11-24,AKRO,54.32,54.405,54.28,54.36,54.36,1657310.0,65.42056074766336,54.22,54.405,False,False
2025-11-25,AKRO,54.32,54.39,54.31,54.36,54.36,715747.0,64.7619047619047,54.22,54.405,False,False
2025-11-26,AKRO,54.34,54.4,54.32,54.35,54.35,1041259.0,73.9130434782609,54.26,54.405,False,False
2025-11-28,AKRO,54.38,54.44,54.34,54.36,54.36,639258.0,69.99999999999991,54.28,54.405,False,False
2025-12-01,AKRO,54.35,54.475,54.35,54.435,54.435,1995934.0,69.0322580645161,54.31,54.44,True,False
2025-12-02,AKRO,54.46,54.52,54.42,54.49,54.49,1800685.0,66.66666666666666,54.32,54.475,False,False
2025-12-03,AKRO,54.49,54.703,54.44,54.69,54.69,3677687.0,72.4137931034482,54.34,54.52,False,False
2025-12-04,AKRO,54.68,54.69,54.53,54.63,54.63,2283430.0,75.90361445783114,54.35,54.703,False,False
2025-10-27,ALB,103.1282,105.4699,95.69,96.23,96.23,4094682.0,54.86514168658245,88.76,106.955,False,False
2025-10-28,ALB,96.925,97.1499,94.7683,96.68,96.68,2509917.0,54.3113875928806,93.955,106.955,False,False
2025-10-29,ALB,96.8,101.035,96.45,97.8,97.8,2278695.0,51.199704688076785,94.7683,106.955,False,False
2025-10-30,ALB,99.0,100.62,96.58,97.89,97.89,2366873.0,58.429561200923786,94.7683,105.4699,False,False
2025-10-31,ALB,96.5,99.97,96.5,98.23,98.23,4022240.0,52.27765726681128,94.7683,101.035,False,False
2025-11-03,ALB,97.33,99.4,95.08,96.53,96.53,2737459.0,50.336504989556744,96.45,101.035,False,False
2025-11-04,ALB,91.69,92.5,88.01,88.45,88.45,5264282.0,40.14213197969544,95.08,100.62,False,False
2025-11-05,ALB,90.575,92.87,89.1,91.96,91.96,3369752.0,46.66265784726397,88.01,99.97,False,False
2025-11-06,ALB,94.19,97.104,91.0,91.26,91.26,3772790.0,48.45961698584514,88.01,99.4,False,False
2025-11-07,ALB,90.5,98.4215,90.01,97.18,97.18,4482756.0,51.02848101265823,88.01,97.104,True,False
2025-11-10,ALB,101.5,104.6,100.0,103.58,103.58,3390207.0,61.733128834355824,89.1,98.4215,False,False
2025-11-11,ALB,102.59,103.89,101.18,103.88,103.88,2655430.0,62.0347394540943,90.01,104.6,False,False
2025-11-12,ALB,104.94,110.63,104.94,110.32,110.32,4399051.0,62.28668941979522,90.01,104.6,False,False
2025-11-13,ALB,112.35,119.28,112.02,114.57,114.57,7195885.0,59.16649558612195,100.0,110.63,False,False
2025-11-14,ALB,108.9,117.345,107.63,115.14,115.14,4691571.0,73.71457236017056,101.18,119.28,False,False
2025-11-17,ALB,120.0,125.8495,117.66,117.7,117.7,7466634.0,75.03573130061935,104.94,119.28,False,False
2025-11-18,ALB,116.46,122.42,114.91,121.39,121.39,4524125.0,76.47586980920316,107.63,125.8495,True,False
2025-11-19,ALB,123.39,127.07,122.655,125.68,125.68,3631732.0,78.50256410256412,107.63,125.8495,False,False
2025-11-20,ALB,121.935,125.85,115.68,116.42,116.42,5683154.0,65.77076469568233,114.91,127.07,False,False
2025-11-21,ALB,113.0,119.32,110.5829,116.82,116.82,4858584.0,67.99716161078587,114.91,127.07,False,False
2025-11-24,ALB,114.32,116.76,113.505,115.88,115.88,2844252.0,77.85902904732887,110.5829,127.07,False,False
2025-11-25,ALB,119.545,125.776,117.9245,125.26,125.26,3548524.0,80.21778584392015,110.5829,125.85,False,False
2025-11-26,ALB,124.08,127.7,122.1294,126.91,126.91,3060151.0,81.80196253345227,110.5829,125.776,False,False
2025-11-28,ALB,127.755,130.56,126.5,129.99,129.99,1285312.0,80.83067092651757,113.505,127.7,False,False
2025-12-01,ALB,128.56,132.9,128.11,128.33,128.33,4016975.0,75.53125644728699,117.9245,130.56,False,False
2025-12-02,ALB,130.25,130.26,127.135,128.14,128.14,2037088.0,75.08271298593876,122.1294,132.9,False,False
2025-12-03,ALB,124.5,127.05,123.43,126.49,126.49,4144959.0,68.5563461097085,126.5,132.9,False,False
2025-12-04,ALB,125.155,125.305,117.6054,119.14,119.14,4228208.0,54.896078851510616,123.43,132.9,False,False
2025-10-27,ALGN,135.43,136.81,134.13,135.65,135.65,1010822.0,60.21293375394326,135.14,138.5,False,False
2025-10-28,ALGN,134.94,135.6,132.79,133.14,133.14,874200.0,50.09900990099007,134.13,138.5,False,False
2025-10-29,ALGN,134.1,135.55,130.73,131.91,131.91,2200099.0,50.079176563737114,132.79,138.5,False,False
2025-10-30,ALGN,145.22,150.78,137.62,138.43,138.43,3842830.0,74.59143968871601,130.73,136.81,False,False
2025-10-31,ALGN,137.74,138.73,133.92,137.88,137.88,1641877.0,68.53333333333336,130.73,150.78,False,False
2025-11-03,ALGN,137.58,138.69,133.71,138.53,138.53,1246211.0,69.08296943231446,130.73,150.78,False,False
2025-11-04,ALGN,138.32,138.49,133.865,135.67,135.67,1172797.0,64.83606557377044,133.71,150.78,False,False
2025-11-05,ALGN,136.46,137.575,133.39,137.21,137.21,1189826.0,65.02242152466367,133.71,138.73,False,False
2025-11-06,ALGN,137.66,138.5,131.8972,133.73,133.73,991727.0,55.985401459853996,133.39,138.69,False,True
2025-11-07,ALGN,132.39,134.985,132.39,134.84,134.84,810879.0,49.812734082397,131.8972,138.5,False,False
2025-11-10,ALGN,136.47,138.5,134.016,138.23,138.23,872703.0,53.84615384615381,131.8972,138.5,False,False
2025-11-11,ALGN,139.32,144.84,138.25,144.49,144.49,1427836.0,64.03149606299209,131.8972,138.5,False,False
2025-11-12,ALGN,144.45,145.25,140.69,141.69,141.69,1212922.0,58.335774978025164,132.39,144.84,False,False
2025-11-13,ALGN,140.32,143.42,138.93,139.42,139.42,1026798.0,55.91126088177473,134.016,145.25,False,False
2025-11-14,ALGN,137.01,138.02,136.0,137.13,137.13,809753.0,51.97544046983446,138.25,145.25,False,False
2025-11-17,ALGN,135.52,136.56,131.66,132.61,132.61,902634.0,49.32860400304032,136.0,145.25,False,False
2025-11-18,ALGN,132.47,132.87,130.23,132.28,132.28,1593537.0,50.47964739434794,131.66,143.42,False,False
2025-11-19,ALGN,132.26,134.97,131.95,133.68,133.68,1049954.0,42.89985052316893,130.23,138.02,True,False
2025-11-20,ALGN,133.97,137.41,132.74,132.81,132.81,924445.0,42.49333728161093,130.23,136.56,False,False
2025-11-21,ALGN,132.96,143.46,132.635,142.56,142.56,1814117.0,54.70025658968976,130.23,137.41,False,False
2025-11-24,ALGN,142.0,145.11,139.13,143.63,143.63,6264149.0,59.68841285296981,131.95,143.46,False,False
2025-11-25,ALGN,144.43,152.99,144.3,147.5,147.5,2572486.0,61.85210780926052,132.635,145.11,False,False
2025-11-26,ALGN,147.35,149.44,146.46,147.23,147.23,1567953.0,66.79104477611938,132.635,152.99,False,False
2025-11-28,ALGN,147.51,148.09,146.25,147.19,147.19,732773.0,65.78073089700995,139.13,152.99,False,False
2025-12-01,ALGN,145.1,148.465,144.0,146.72,146.72,1657011.0,61.72328086164043,144.3,152.99,False,False
2025-12-02,ALGN,147.14,152.06,146.12,150.93,150.93,1975309.0,59.42622950819671,144.0,149.44,False,False
2025-12-03,ALGN,151.55,156.6,150.92,155.0,155.0,1571193.0,68.78351679367768,144.0,152.06,False,False
2025-12-04,ALGN,154.705,156.95,153.17,156.84,156.84,1347845.0,74.8857142857143,144.0,156.6,False,False
2025-10-27,ALHC,17.51,17.96,17.31,17.77,17.77,2168035.0,64.46886446886444,16.98,17.61,False,False
2025-10-28,ALHC,17.91,18.145,17.53,18.04,18.04,2281683.0,57.64192139737986,16.98,17.96,False,False
2025-10-29,ALHC,18.02,18.445,17.8101,18.21,18.21,2429527.0,64.22413793103446,17.205,18.145,False,False
2025-10-30,ALHC,17.87,18.195,17.04,17.12,17.12,3904735.0,47.00315457413253,17.31,18.445,False,False
2025-10-31,ALHC,18.53,18.64,16.46,16.86,16.86,7502266.0,43.44023323615162,17.04,18.445,False,False
2025-11-03,ALHC,17.0,17.1,16.4001,16.84,16.84,3100009.0,43.82352941176469,16.46,18.64,False,False
2025-11-04,ALHC,16.76,17.54,16.76,17.09,17.09,2658094.0,46.944444444444464,16.4001,18.64,True,False
2025-11-05,ALHC,16.96,17.3,16.75,17.06,17.06,2137708.0,51.05740181268882,16.4001,18.64,False,False
2025-11-06,ALHC,16.95,17.15,16.485,16.49,16.49,2195956.0,41.59999999999997,16.4001,17.54,False,False
2025-11-07,ALHC,16.53,16.9,16.245,16.33,16.33,1736076.0,35.43956043956044,16.485,17.54,False,False
2025-11-10,ALHC,16.21,16.54,16.0,16.38,16.38,1960405.0,34.17366946778712,16.245,17.3,False,False
2025-11-11,ALHC,16.49,16.57,16.015,16.48,16.48,1366781.0,37.18309859154933,16.0,17.15,False,False
2025-11-12,ALHC,16.49,16.895,16.49,16.6,16.6,1792912.0,40.33613445378156,16.0,16.9,False,False
2025-11-13,ALHC,16.6,16.795,16.41,16.77,16.77,1313930.0,39.488636363636346,16.0,16.895,False,False
2025-11-14,ALHC,16.62,16.86,16.335,16.52,16.52,1582648.0,32.19373219373222,16.015,16.895,False,False
2025-11-17,ALHC,16.58,16.595,16.01,16.04,16.04,1642361.0,23.118279569892522,16.335,16.895,False,False
2025-11-18,ALHC,16.04,16.32,15.92,16.1,16.1,2017841.0,20.775623268698126,16.01,16.86,False,False
2025-11-19,ALHC,16.13,16.58,15.96,16.33,16.33,2058219.0,35.63636363636361,15.92,16.86,False,False
2025-11-20,ALHC,16.61,16.7,16.05,16.07,16.07,1407907.0,35.636363636363654,15.92,16.595,False,True
2025-11-21,ALHC,15.845,16.83,15.845,16.7,16.7,2080499.0,47.91666666666666,15.92,16.7,True,False
2025-11-24,ALHC,17.38,18.38,17.25,17.62,17.62,6338197.0,56.575682382134005,15.845,16.83,False,False
2025-11-25,ALHC,17.78,19.22,17.67,19.14,19.14,5499164.0,68.84057971014494,15.845,18.38,False,False
2025-11-26,ALHC,19.34,19.4,19.02,19.22,19.22,2425499.0,77.1371769383698,15.845,19.22,False,False
2025-11-28,ALHC,19.39,19.39,19.18,19.21,19.21,831448.0,79.50819672131153,17.25,19.4,False,False
2025-12-01,ALHC,19.0,19.1799,18.68,19.08,19.08,3051221.0,77.21774193548387,17.67,19.4,False,False
2025-12-02,ALHC,19.08,19.42,18.825,19.09,19.09,2674933.0,76.79671457905545,18.68,19.4,False,False
2025-12-03,ALHC,19.13,19.5,19.03,19.1,19.1,1857466.0,76.26050420168069,18.68,19.42,False,False
2025-12-04,ALHC,19.33,19.99,19.0201,19.4,19.4,2882241.0,76.8916155419223,18.68,19.5,False,False
2025-10-27,AMAT,233.0,235.79,231.13,231.33,231.33,7671698.0,65.53024351924589,216.065,230.72,False,False
2025-10-28,AMAT,229.68,231.015,227.08,227.64,227.64,6118502.0,58.25052940218276,218.12,235.79,False,False
2025-10-29,AMAT,232.9,237.39,232.0,235.75,235.75,7784456.0,61.579973017538585,226.29,235.79,False,False
2025-10-30,AMAT,237.78,242.5,232.08,232.55,232.55,7317726.0,68.97246474143722,227.08,237.39,False,True
2025-10-31,AMAT,233.735,237.9075,230.45,233.1,233.1,6532964.0,63.46381969157771,227.08,242.5,False,False
2025-11-03,AMAT,235.67,239.79,234.0,237.71,237.71,6160630.0,68.10760667903526,230.45,242.5,False,False
2025-11-04,AMAT,231.42,236.9699,229.77,230.19,230.19,6896422.0,52.50816836440514,230.45,242.5,False,False
2025-11-05,AMAT,230.19,241.91,230.1,240.89,240.89,7230832.0,60.520849976034505,229.77,239.79,True,False
2025-11-06,AMAT,240.77,240.77,232.9301,233.53,233.53,9278439.0,56.3522761083011,229.77,241.91,False,False
2025-11-07,AMAT,232.265,232.52,223.38,230.07,230.07,6892795.0,51.43618596387326,229.77,241.91,False,False
2025-11-10,AMAT,236.23,236.54,232.06,235.08,235.08,7673744.0,56.447032093155364,223.38,241.91,False,False
2025-11-11,AMAT,232.57,233.25,227.0,228.67,228.67,6237600.0,55.680067236307586,223.38,240.77,False,False
2025-11-12,AMAT,231.23,231.835,228.9,230.73,230.73,5955373.0,51.72413793103448,223.38,236.54,False,False
2025-11-13,AMAT,227.39,229.0,219.63,223.23,223.23,13465856.0,46.20670698185816,227.0,236.54,False,False
2025-11-14,AMAT,203.75,226.16,203.4,226.01,226.01,15254389.0,46.35416666666666,219.63,233.25,False,False
2025-11-17,AMAT,224.2,231.71,223.255,228.71,228.71,8713644.0,50.743365291093525,203.4,231.835,False,False
2025-11-18,AMAT,226.48,227.62,219.42,225.12,225.12,12167355.0,42.12008895478132,203.4,231.71,False,False
2025-11-19,AMAT,227.29,235.91,226.5,235.13,235.13,8870502.0,51.73713977915431,203.4,231.71,False,False
2025-11-20,AMAT,238.785,240.76,218.96,220.23,220.23,9263965.0,42.737839972915026,219.42,235.91,False,True
2025-11-21,AMAT,219.2,228.16,215.495,224.005,224.005,8596770.0,42.193107376815725,218.96,240.76,False,False
2025-11-24,AMAT,222.86,233.2,222.86,230.91,230.91,8806555.0,50.413033501606236,215.495,240.76,False,False
2025-11-25,AMAT,237.55,244.62,233.135,242.46,242.46,8330341.0,50.89194409726169,215.495,240.76,False,False
2025-11-26,AMAT,242.83,252.66,242.83,249.97,249.97,8791060.0,59.323956442831204,215.495,244.62,False,False
2025-11-28,AMAT,250.795,252.48,247.85,252.25,252.25,2916326.0,62.750057484479186,222.86,252.66,False,False
2025-12-01,AMAT,250.23,255.79,248.53,254.75,254.75,6842394.0,61.643186930271085,233.135,252.66,False,False
2025-12-02,AMAT,255.625,267.0499,255.625,265.33,265.33,9196769.0,70.67915162454874,242.83,255.79,False,False
2025-12-03,AMAT,265.3,269.15,259.7101,268.63,268.63,7999577.0,71.0836671117045,247.85,267.0499,False,False
2025-12-04,AMAT,268.335,272.7649,266.0,269.44,269.44,6346927.0,77.77377088592378,248.53,269.15,False,False
2025-10-27,AMGN,291.21,291.9999,288.26,291.16,291.16,1794617.0,43.817052512704684,290.66,302.815,False,False
2025-10-28,AMGN,288.93,292.63,288.26,292.09,292.09,2217623.0,46.42957945244138,288.26,296.46,True,False
2025-10-29,AMGN,291.76,294.81,289.44,291.77,291.77,2824472.0,44.76244991413847,288.26,293.94,False,False
2025-10-30,AMGN,290.58,294.56,289.001,292.0,292.0,2058158.0,53.130231001004375,288.26,294.81,False,False
2025-10-31,AMGN,288.46,298.88,288.0,298.43,298.43,2687516.0,58.85378398236598,288.26,294.81,False,False
2025-11-03,AMGN,298.43,301.0,292.12,296.3,296.3,2753331.0,53.52924229328723,288.0,298.88,False,False
2025-11-04,AMGN,298.71,299.06,294.48,296.7,296.7,3412532.0,49.02022756005056,288.0,301.0,False,False
2025-11-05,AMGN,303.125,322.98,302.13,319.86,319.86,5486162.0,72.56520923250146,288.0,301.0,False,False
2025-11-06,AMGN,319.1,321.31,312.52,315.59,315.59,3330531.0,65.37756598240469,292.12,322.98,False,False
2025-11-07,AMGN,316.08,321.42,314.0,320.2,320.2,2665384.0,65.43458371454713,294.48,322.98,False,False
2025-11-10,AMGN,320.595,326.18,319.54,323.66,323.66,2518593.0,70.13590844062949,302.13,322.98,False,False
2025-11-11,AMGN,323.42,338.55,323.42,338.45,338.45,3136543.0,82.39511823035848,312.52,326.18,False,False
2025-11-12,AMGN,338.64,342.4,335.815,336.28,336.28,2941162.0,83.56800247563051,314.0,338.55,False,False
2025-11-13,AMGN,337.9,345.84,335.12,336.0,336.0,3413466.0,84.68171840702416,319.54,342.4,False,False
2025-11-14,AMGN,336.74,339.8,330.35,336.74,336.74,3310332.0,85.65394242803502,323.42,345.84,False,False
2025-11-17,AMGN,337.64,344.06,336.825,341.71,341.71,2996550.0,86.5067686874632,330.35,345.84,False,False
2025-11-18,AMGN,343.73,345.49,339.3,343.99,343.99,2966636.0,87.34267734553774,330.35,345.84,False,False
2025-11-19,AMGN,343.47,345.29,340.02,342.4,342.4,2129822.0,85.35353535353529,330.35,345.49,False,False
2025-11-20,AMGN,344.52,345.09,335.0,336.07,336.07,3184112.0,76.44001123911208,336.825,345.49,False,False
2025-11-21,AMGN,334.87,342.84,334.74,337.54,337.54,4128726.0,79.23993193420303,335.0,345.49,False,False
2025-11-24,AMGN,335.84,338.66,331.705,334.3,334.3,3551616.0,75.62704471101415,334.74,345.29,False,False
2025-11-25,AMGN,335.41,341.73,335.41,341.11,341.11,2868739.0,68.6370812138221,331.705,345.09,False,False
2025-11-26,AMGN,341.525,345.03,340.001,344.57,344.57,2333053.0,75.78291814946618,331.705,342.84,False,False
2025-11-28,AMGN,344.0,345.66,342.26,345.46,345.46,1268802.0,74.06631097560974,331.705,345.03,False,False
2025-12-01,AMGN,343.07,343.98,336.25,337.49,337.49,2384122.0,62.13370766801193,335.41,345.66,False,False
2025-12-02,AMGN,338.86,342.5,336.33,338.36,338.36,2446819.0,49.89551892268403,336.25,345.66,False,False
2025-12-03,AMGN,340.54,346.38,338.85,345.42,345.42,2839394.0,59.528773978315314,336.25,345.66,False,False
2025-12-04,AMGN,344.23,346.33,338.94,340.16,340.16,3695581.0,53.92897619947112,336.25,346.38,False,False
2025-10-27,AMKR,33.6,33.82,32.97,33.18,33.18,4820337.0,63.49331235247836,30.26,33.33,False,False
2025-10-28,AMKR,30.61,32.98,29.5,32.16,32.16,9760013.0,56.021756021756005,30.4421,33.82,False,False
2025-10-29,AMKR,32.3,33.75,32.3,32.69,32.69,4759312.0,57.69805680119581,29.5,33.82,False,False
2025-10-30,AMKR,32.405,32.64,31.74,31.92,31.92,2582540.0,65.53480475382003,29.5,33.82,False,False
2025-10-31,AMKR,32.16,32.75,31.92,32.28,32.28,2409817.0,59.154929577464785,29.5,33.75,False,False
2025-11-03,AMKR,33.94,38.22,33.8143,37.84,37.84,10475805.0,76.52173913043478,31.74,33.75,False,False
2025-11-04,AMKR,35.66,36.798,35.19,35.25,35.25,5389313.0,62.27581941867655,31.74,38.22,False,False
2025-11-05,AMKR,35.69,37.29,35.38,36.55,36.55,3113074.0,64.63768115942028,31.92,38.22,False,False
2025-11-06,AMKR,36.66,36.71,34.46,35.15,35.15,3538485.0,60.46637744034707,33.8143,38.22,False,True
2025-11-07,AMKR,34.15,34.79,33.1402,34.78,34.78,3550412.0,57.01459034792368,34.46,37.29,False,False
2025-11-10,AMKR,35.9,36.27,34.9,35.21,35.21,3665513.0,58.44370860927153,33.1402,37.29,False,False
2025-11-11,AMKR,34.79,34.811,34.12,34.26,34.26,1647821.0,59.86433013001695,33.1402,36.71,False,False
2025-11-12,AMKR,34.75,35.26,34.29,34.47,34.47,2074729.0,57.45955662073097,33.1402,36.27,False,False
2025-11-13,AMKR,33.72,34.1024,31.37,31.95,31.95,3383650.0,47.774158523344184,34.12,36.27,False,False
2025-11-14,AMKR,30.52,32.49,30.45,31.68,31.68,3138104.0,45.89715536105033,31.37,35.26,False,False
2025-11-17,AMKR,31.09,32.08,30.6,30.89,30.89,2270087.0,46.48199445983381,30.45,35.26,False,False
2025-11-18,AMKR,30.36,31.09,29.762,30.69,30.69,3073502.0,44.356659142212195,30.45,34.1024,False,False
2025-11-19,AMKR,31.12,31.98,30.63,31.43,31.43,2333945.0,48.61503674392311,29.762,32.49,False,False
2025-11-20,AMKR,33.485,33.85,30.14,30.19,30.19,4138202.0,44.372644049542274,29.762,32.08,False,True
2025-11-21,AMKR,30.25,32.42,30.03,32.05,32.05,3650759.0,30.531271015467354,29.762,33.85,False,False
2025-11-24,AMKR,32.45,33.35,32.35,33.135,33.135,3213424.0,42.08754208754207,30.03,33.85,False,False
2025-11-25,AMKR,33.0,33.98,32.4,33.8,33.8,2622421.0,39.19874312647289,30.03,33.85,False,False
2025-11-26,AMKR,34.0,35.265,33.94,34.92,34.92,2461552.0,49.076305220883555,30.03,33.98,False,False
2025-11-28,AMKR,35.32,36.43,35.32,36.39,36.39,1901630.0,55.9409594095941,32.35,35.265,False,False
2025-12-01,AMKR,35.86,38.02,35.74,37.74,37.74,3329566.0,58.74222529371113,32.4,36.43,False,False
2025-12-02,AMKR,38.44,40.93,37.92,40.65,40.65,5122447.0,69.44613511868533,33.94,38.02,False,False
2025-12-03,AMKR,40.755,44.065,40.34,43.93,43.93,5742919.0,74.25641025641028,35.32,40.93,False,False
2025-12-04,AMKR,43.355,43.91,42.6,43.18,43.18,4588489.0,81.66948674562889,35.74,44.065,False,False
2025-10-27,APG,35.015,35.185,34.5,34.67,34.67,1515080.0,51.166407465007765,33.52,35.4,False,False
2025-10-28,APG,34.59,34.71,34.21,34.31,34.31,1493820.0,41.176470588235325,33.52,35.4,False,False
2025-10-29,APG,34.25,35.17,34.2301,34.46,34.46,3768935.0,45.21739130434784,34.21,35.4,False,False
2025-10-30,APG,35.39,35.64,34.02,35.07,35.07,3946524.0,59.44444444444448,34.21,35.185,False,False
2025-10-31,APG,35.11,36.83,35.11,36.82,36.82,5649180.0,67.01807228915663,34.02,35.64,False,False
2025-11-03,APG,37.04,37.04,35.625,35.78,35.78,5095498.0,57.444005270092255,34.02,36.83,False,False
2025-11-04,APG,35.395,35.735,34.874,35.43,35.43,2256277.0,55.68326947637293,34.02,37.04,False,False
2025-11-05,APG,35.39,36.545,35.24,36.38,36.38,2668110.0,61.24567474048444,34.874,37.04,False,False
2025-11-06,APG,36.5,36.98,35.8425,36.07,36.07,2639935.0,60.40955631399316,34.874,37.04,False,False
2025-11-07,APG,35.16,36.27,35.16,36.25,36.25,3570193.0,58.52205005959475,34.874,36.98,False,False
2025-11-10,APG,36.5,37.77,36.335,37.63,37.63,3069749.0,63.86292834890965,35.16,36.98,False,False
2025-11-11,APG,37.52,37.9098,37.44,37.53,37.53,3051992.0,73.1272294887039,35.16,37.77,False,False
2025-11-12,APG,37.65,38.5,37.61,38.36,38.36,3469573.0,72.96650717703345,35.16,37.9098,False,False
2025-11-13,APG,38.34,38.58,37.47,37.53,37.53,3445647.0,65.43624161073825,36.335,38.5,False,False
2025-11-14,APG,37.09,37.9,36.85,37.35,37.35,4473046.0,64.85587583148558,37.44,38.58,False,False
2025-11-17,APG,37.12,37.91,36.81,37.4,37.4,5804462.0,67.73823191733638,36.85,38.58,False,False
2025-11-18,APG,37.14,37.47,36.61,37.0,37.0,2377983.0,64.17410714285714,36.81,38.58,False,False
2025-11-19,APG,37.195,37.745,37.0,37.42,37.42,1710214.0,63.397947548460664,36.61,37.91,False,False
2025-11-20,APG,38.048,38.16,36.6,36.77,36.77,3144184.0,49.67405475880054,36.61,37.91,False,True
2025-11-21,APG,36.78,37.17,36.1,36.86,36.86,2216836.0,58.03571428571427,36.6,38.16,False,False
2025-11-24,APG,36.82,37.96,36.82,37.71,37.71,2270190.0,65.78947368421055,36.1,38.16,False,False
2025-11-25,APG,37.9,39.05,37.46,38.97,38.97,3759491.0,67.19787516600265,36.1,38.16,False,False
2025-11-26,APG,39.0,39.58,38.99,39.23,39.23,1870474.0,71.12299465240642,36.1,39.05,False,False
2025-11-28,APG,39.29,39.65,39.23,39.56,39.56,838040.0,71.69069462647447,36.82,39.58,False,False
2025-12-01,APG,39.08,39.52,38.79,38.98,38.98,2314064.0,59.8828696925329,37.46,39.65,False,False
2025-12-02,APG,39.02,39.25,38.54,38.84,38.84,1574437.0,59.53420669577878,38.79,39.65,False,False
2025-12-03,APG,38.75,39.05,38.31,38.74,38.74,1759655.0,53.094462540716634,38.54,39.65,False,False
2025-12-04,APG,38.68,39.01,38.43,39.0,39.0,1623646.0,63.19569120287254,38.31,39.52,True,False
2025-10-27,APP,634.25,645.7,620.73,643.1,643.1,3765138.0,52.33006089225798,553.24,627.11,False,False
2025-10-28,APP,643.99,649.6474,620.87,626.82,626.82,2545057.0,49.43648743836581,560.84,645.7,False,True
2025-10-29,APP,627.41,633.755,617.2,631.2,631.2,3014722.0,56.697319337208285,605.5001,649.6474,False,False
2025-10-30,APP,622.95,638.38,619.75,620.62,620.62,3560160.0,62.03901466609711,617.2,649.6474,False,False
2025-10-31,APP,621.56,652.87,621.56,637.33,637.33,4312142.0,61.3958876339415,617.2,649.6474,False,False
2025-11-03,APP,646.985,654.9,620.6,632.14,632.14,3255018.0,59.91803664798153,617.2,652.87,False,False
2025-11-04,APP,630.175,630.54,607.93,608.68,608.68,3704270.0,51.427420798281716,619.75,654.9,False,False
2025-11-05,APP,610.0,623.78,589.0,617.05,617.05,6042802.0,52.48829167943275,607.93,654.9,False,False
2025-11-06,APP,651.47,656.3,607.23,621.36,621.36,8418446.0,54.86948456340268,589.0,654.9,False,False
2025-11-07,APP,614.0,633.59,576.4101,619.93,619.93,6656194.0,63.88131845528868,589.0,656.3,False,False
2025-11-10,APP,635.95,675.0,635.41,651.32,651.32,4666709.0,73.21226947685356,576.4101,656.3,False,False
2025-11-11,APP,647.4,647.87,583.0,594.91,594.91,7447032.0,55.85887300907354,576.4101,675.0,False,False
2025-11-12,APP,602.0,603.0,578.0,584.86,584.86,4444699.0,48.99983468341873,576.4101,675.0,False,False
2025-11-13,APP,579.44,580.4279,542.48,556.15,556.15,5190940.0,36.7183924782627,578.0,675.0,False,False
2025-11-14,APP,534.34,570.9912,529.0,557.7,557.7,4173194.0,30.48624440179148,542.48,647.87,False,False
2025-11-17,APP,554.445,558.94,532.31,539.27,539.27,3908595.0,30.18961850024894,529.0,603.0,False,False
2025-11-18,APP,533.355,541.8,522.0,526.01,526.01,3927282.0,27.117685447030723,529.0,580.4279,False,False
2025-11-19,APP,530.11,545.26,525.43,530.05,530.05,4006370.0,29.721015628498535,522.0,570.9912,False,False
2025-11-20,APP,554.25,562.56,519.2,520.82,520.82,4432570.0,23.00884955752217,522.0,558.94,False,False
2025-11-21,APP,521.65,529.98,489.3,520.26,520.26,6031825.0,23.51325757575762,519.2,562.56,False,False
2025-11-24,APP,525.47,564.8,523.0,559.8,559.8,5008896.0,39.24674410418868,489.3,562.56,False,False
2025-11-25,APP,555.12,557.77,535.85,556.03,556.03,2757663.0,36.29872462726785,489.3,564.8,False,False
2025-11-26,APP,565.76,590.54,563.5,586.37,586.37,3435945.0,42.96570302762254,489.3,564.8,False,False
2025-11-28,APP,589.79,599.59,583.4,599.48,599.48,1825454.0,46.07319789546452,523.0,590.54,False,False
2025-12-01,APP,588.13,624.73,576.0,623.59,623.59,4544294.0,44.52214452214452,535.85,599.59,False,False
2025-12-02,APP,632.53,679.7,631.19,653.0,653.0,5199995.0,62.8455176683915,563.5,624.73,False,False
2025-12-03,APP,654.87,667.09,645.0,662.21,662.21,3000655.0,67.16828694455542,576.0,679.7,False,False
2025-12-04,APP,671.28,698.47,668.63,683.78,683.78,4949616.0,79.25548984550497,576.0,679.7,False,False
2025-10-27,AR,32.75,33.06,32.33,32.66,32.66,2771255.0,43.31896551724138,31.661,33.16,False,False
2025-10-28,AR,32.32,32.38,31.655,31.88,31.88,3446544.0,38.43017329255862,32.065,33.06,False,False
2025-10-29,AR,31.66,31.9499,31.03,31.62,31.62,4680093.0,39.60084033613446,31.655,33.06,False,False
2025-10-30,AR,30.635,31.115,29.1,30.03,30.03,10749123.0,41.383095499451166,31.03,33.06,False,False
2025-10-31,AR,30.68,31.115,30.115,30.91,30.91,6899825.0,41.76663031624863,29.1,32.38,False,False
2025-11-03,AR,31.52,33.335,31.08,33.14,33.14,7471124.0,57.22379603399434,29.1,31.9499,False,False
2025-11-04,AR,32.575,33.34,32.0,32.93,32.93,5645165.0,53.84615384615384,29.1,33.335,False,False
2025-11-05,AR,32.8,33.46,32.44,32.83,32.83,4666356.0,61.30820399113082,30.115,33.34,False,False
2025-11-06,AR,33.29,33.82,32.44,32.63,32.63,4544863.0,60.043431053203044,31.08,33.46,False,True
2025-11-07,AR,32.47,33.71,32.33,33.65,33.65,4231395.0,59.82532751091701,32.0,33.82,True,False
2025-11-10,AR,34.29,34.45,33.35,33.85,33.85,4185455.0,57.701149425287376,32.33,33.82,False,False
2025-11-11,AR,34.3,35.66,34.22,35.2,35.2,5378750.0,66.21621621621624,32.33,34.45,False,False
2025-11-12,AR,35.14,35.22,34.25,34.46,34.46,5091068.0,58.738366080661834,32.33,35.66,False,False
2025-11-13,AR,34.8,35.27,34.1103,34.34,34.34,4284249.0,58.496395468589114,33.35,35.66,False,False
2025-11-14,AR,33.53,34.37,33.06,34.36,34.36,5474745.0,58.76288659793817,34.1103,35.66,False,False
2025-11-17,AR,34.155,34.48,33.309,33.64,33.64,3938666.0,59.128630705394215,33.06,35.27,False,False
2025-11-18,AR,33.33,34.95,33.05,34.76,34.76,4396359.0,64.95238095238096,33.06,35.27,True,False
2025-11-19,AR,34.285,35.15,34.15,35.08,35.08,4501571.0,77.35644637053089,33.05,34.95,False,False
2025-11-20,AR,35.155,35.93,33.27,33.32,33.32,8397952.0,61.91889218595451,33.05,35.15,False,True
2025-11-21,AR,33.33,33.9,32.6801,33.55,33.55,6002916.0,52.52774352651048,33.05,35.93,False,False
2025-11-24,AR,33.27,34.65,32.77,34.56,34.56,6363087.0,59.147025813692515,32.6801,35.93,False,False
2025-11-25,AR,34.21,34.32,33.39,34.0,34.0,4472988.0,56.24332977588048,32.6801,35.93,False,False
2025-11-26,AR,34.37,35.69,34.29,35.12,35.12,4698507.0,62.099125364431465,32.6801,34.65,False,False
2025-11-28,AR,35.655,36.67,35.28,36.43,36.43,2876485.0,63.137996219281675,32.77,35.69,False,False
2025-12-01,AR,36.16,36.44,35.64,35.76,35.76,5319031.0,58.64253393665157,33.39,36.67,False,False
2025-12-02,AR,35.78,35.78,34.675,34.72,34.72,4077473.0,47.7653631284916,34.29,36.67,False,False
2025-12-03,AR,35.125,36.67,35.02,36.4,36.4,6769655.0,58.304794520547944,34.675,36.67,False,False
2025-12-04,AR,36.6,37.13,36.165,36.6,36.6,3858778.0,59.608843537414955,34.675,36.67,False,False
2025-10-27,ARE,78.0,78.0,76.915,77.87,77.87,1404034.0,49.11147011308562,76.69,78.51,False,False
2025-10-28,ARE,69.78,69.78,62.56,62.94,62.94,12272885.0,24.8772504091653,76.88,78.51,False,False
2025-10-29,ARE,62.0368,63.605,57.615,58.76,58.76,7089062.0,21.846927775781523,62.56,78.51,False,False
2025-10-30,ARE,55.44,58.055,55.02,56.37,56.37,7501164.0,20.46449007068327,57.615,78.0,False,False
2025-10-31,ARE,56.1,58.695,55.3,58.22,58.22,4149914.0,25.166613773405274,55.02,69.78,False,False
2025-11-03,ARE,56.85,58.1,55.37,55.69,55.69,3765509.0,20.493300852618788,55.02,63.605,False,False
2025-11-04,ARE,55.12,55.7088,53.94,53.99,53.99,3128796.0,16.7365269461078,55.02,58.695,False,False
2025-11-05,ARE,54.275,54.85,53.08,54.47,54.47,3494157.0,18.449848024316125,53.94,58.695,False,False
2025-11-06,ARE,54.41,54.97,52.94,53.17,53.17,2332425.0,17.87396937573618,53.08,58.1,False,False
2025-11-07,ARE,53.175,55.65,52.95,55.61,55.61,2936855.0,19.532602423542983,52.94,55.7088,False,False
2025-11-10,ARE,55.97,56.35,54.22,54.26,54.26,2683083.0,18.664812239221135,52.94,55.65,False,False
2025-11-11,ARE,54.525,55.11,53.77,54.85,54.85,2059824.0,17.772778402699686,52.94,56.35,False,False
2025-11-12,ARE,54.42,54.91,53.7,53.78,53.78,2429421.0,17.66843723790889,52.95,56.35,False,False
2025-11-13,ARE,53.23,53.672,52.16,52.24,52.24,2308960.0,15.810920945395296,53.7,56.35,False,False
2025-11-14,ARE,52.16,52.73,51.63,52.29,52.29,1753278.0,14.862637362637358,52.16,55.11,False,False
2025-11-17,ARE,52.39,52.54,50.51,50.84,50.84,2921155.0,23.60383944153577,51.63,54.91,False,True
2025-11-18,ARE,50.63,51.1199,50.22,50.8,50.8,3171789.0,28.807241746538864,50.51,53.672,False,False
2025-11-19,ARE,51.0,51.0,49.3,49.51,49.51,2687865.0,30.59954751131221,50.22,52.73,False,True
2025-11-20,ARE,49.88,50.46,48.66,48.86,48.86,2482678.0,21.601941747572795,49.3,52.54,False,False
2025-11-21,ARE,49.06,51.75,48.99,50.89,50.89,2792703.0,34.98122653316645,48.66,51.1199,False,False
2025-11-24,ARE,51.155,51.58,50.6,51.22,51.22,2913764.0,40.52019164955508,48.66,51.75,False,False
2025-11-25,ARE,51.6,52.88,51.55,52.65,52.65,1924308.0,44.15167095115681,48.66,51.75,False,False
2025-11-26,ARE,52.29,54.17,52.27,53.57,53.57,2264298.0,51.31752305665349,48.99,52.88,False,False
2025-11-28,ARE,53.56,54.4513,53.4,53.67,53.67,1046532.0,42.445482866043626,50.6,54.17,False,False
2025-12-01,ARE,52.87,53.6,52.3901,53.1,53.1,2822587.0,45.190713101160874,51.55,54.4513,False,False
2025-12-02,ARE,53.27,54.17,52.96,53.83,53.83,2103528.0,45.81967213114752,52.27,54.4513,False,False
2025-12-03,ARE,52.13,52.57,47.57,48.42,48.42,7331311.0,33.7968561064087,52.3901,54.4513,False,False
2025-12-04,ARE,48.02,48.02,46.1034,46.59,46.59,4962931.0,33.21449792038028,47.57,54.17,False,False
2025-10-27,ARQT,20.33,20.6,19.6,19.64,19.64,1826475.0,42.965204236006045,19.66,20.73,False,False
2025-10-28,ARQT,22.5,25.75,22.0,24.95,24.95,12063173.0,66.48888888888891,19.6,20.6,False,False
2025-10-29,ARQT,25.835,25.99,23.48,25.29,25.29,5449157.0,70.70524412296564,19.6,25.75,False,False
2025-10-30,ARQT,25.89,27.0793,24.77,24.92,24.92,3060990.0,72.60909935004645,19.6,25.99,False,False
2025-10-31,ARQT,24.69,25.56,24.63,25.31,25.31,2300159.0,71.8779790276454,22.0,27.0793,False,False
2025-11-03,ARQT,25.15,25.43,24.22,24.76,24.76,2093384.0,70.13953488372096,23.48,27.0793,False,False
2025-11-04,ARQT,23.95,24.59,23.85,24.01,24.01,2899223.0,61.55339805825245,24.22,27.0793,False,False
2025-11-05,ARQT,23.79,24.545,23.52,24.38,24.38,2683580.0,67.43718592964825,23.85,25.56,False,False
2025-11-06,ARQT,23.93,25.35,23.77,25.1,25.1,2636722.0,69.8308270676692,23.52,25.43,False,False
2025-11-07,ARQT,25.105,25.12,23.3205,24.23,24.23,3019522.0,64.55256298870549,23.52,25.35,False,False
2025-11-10,ARQT,24.7,24.86,23.74,23.75,23.75,2514050.0,63.23404255319149,23.3205,25.35,False,False
2025-11-11,ARQT,23.62,24.12,23.39,24.03,24.03,1632545.0,68.83928571428574,23.3205,25.35,False,False
2025-11-12,ARQT,24.05,24.39,23.24,23.45,23.45,1589867.0,64.63944396177239,23.3205,25.12,False,True
2025-11-13,ARQT,23.37,23.77,22.78,22.86,22.86,2421823.0,61.39188069594035,23.24,24.86,False,False
2025-11-14,ARQT,22.28,25.2,22.26,25.0,25.0,3954003.0,69.50509461426492,22.78,24.39,True,False
2025-11-17,ARQT,24.86,26.815,24.82,26.17,26.17,4606960.0,56.354166666666686,22.26,25.2,False,False
2025-11-18,ARQT,25.87,27.92,25.55,27.28,27.28,3248090.0,59.5949855351977,22.26,26.815,False,False
2025-11-19,ARQT,27.21,28.96,27.0,27.89,27.89,3459284.0,63.99622997172479,22.26,27.92,False,False
2025-11-20,ARQT,28.4,28.49,27.22,27.33,27.33,2876139.0,59.369202226345074,24.82,28.96,False,False
2025-11-21,ARQT,27.15,30.01,27.08,29.49,29.49,2594317.0,69.08797417271991,25.55,28.96,True,False
2025-11-24,ARQT,29.835,31.095,29.64,30.76,30.76,3801635.0,76.14252517428348,27.0,30.01,False,False
2025-11-25,ARQT,30.75,31.0,30.25,30.73,30.73,1707759.0,75.2585521081941,27.08,31.095,False,False
2025-11-26,ARQT,30.975,31.105,30.3825,30.96,30.96,1925096.0,74.2549668874172,27.08,31.095,False,False
2025-11-28,ARQT,31.27,31.27,30.39,30.65,30.65,1090812.0,77.86458333333329,29.64,31.105,False,False
2025-12-01,ARQT,30.24,30.65,29.85,30.37,30.37,1576797.0,79.24028268551234,30.25,31.27,False,False
2025-12-02,ARQT,30.14,30.48,28.95,29.43,29.43,2033035.0,72.53756260434054,29.85,31.27,False,False
2025-12-03,ARQT,29.76,30.18,29.28,29.96,29.96,1838566.0,77.28415758591784,28.95,31.27,False,False
2025-12-04,ARQT,29.373,31.39,29.373,31.16,31.16,2040245.0,83.09409888357254,28.95,30.65,False,False
2025-10-27,ARWR,39.1,40.1,38.63,39.48,39.48,1730752.0,61.18721461187215,36.73,39.0899,False,False
2025-10-28,ARWR,39.23,40.48,38.8401,39.55,39.55,1243834.0,60.187353629976585,36.73,40.1,False,False
2025-10-29,ARWR,39.26,40.75,38.65,40.29,40.29,1559672.0,66.69297553275453,36.88,40.48,False,False
2025-10-30,ARWR,39.92,43.33,39.6985,42.31,42.31,2300925.0,74.57264957264961,38.63,40.75,False,False
2025-10-31,ARWR,42.32,43.69,41.31,42.39,42.39,1715676.0,73.1174698795181,38.65,43.33,False,False
2025-11-03,ARWR,41.99,43.2,39.277,39.61,39.61,1942327.0,61.57260621433102,38.65,43.69,False,False
2025-11-04,ARWR,38.6,39.31,37.77,37.85,37.85,1987205.0,48.8888888888889,39.277,43.69,False,False
2025-11-05,ARWR,37.63,40.55,37.56,40.31,40.31,1426886.0,53.94581861012957,37.77,43.69,True,False
2025-11-06,ARWR,40.27,40.94,39.5,39.6,39.6,1620536.0,58.98261429491307,37.56,43.2,False,False
2025-11-07,ARWR,39.23,39.34,37.35,39.23,39.23,1307917.0,52.66853932584269,37.56,40.94,False,False
2025-11-10,ARWR,40.85,42.0,39.77,39.85,39.85,1877770.0,56.310679611650485,37.35,40.94,False,False
2025-11-11,ARWR,39.45,41.52,38.93,41.5,41.5,1171322.0,62.348436502871714,37.35,42.0,True,False
2025-11-12,ARWR,41.96,43.195,41.14,41.42,41.42,1987947.0,63.15449256625726,37.35,42.0,False,False
2025-11-13,ARWR,40.72,41.5,40.21,41.14,41.14,1536594.0,60.39735099337748,38.93,43.195,False,False
2025-11-14,ARWR,39.85,41.785,39.33,41.26,41.26,1621072.0,56.477438136826784,38.93,43.195,False,False
2025-11-17,ARWR,41.28,41.58,39.7502,40.15,40.15,1612945.0,52.0297699594046,39.33,43.195,False,False
2025-11-18,ARWR,39.8,43.585,39.3,40.47,40.47,2960691.0,50.626740947075206,39.33,41.785,False,False
2025-11-19,ARWR,41.06,41.285,38.895,38.97,38.97,2881976.0,37.93352601156069,39.3,43.585,False,True
2025-11-20,ARWR,39.51,39.92,37.06,38.09,38.09,3833275.0,35.31420765027323,38.895,43.585,False,False
2025-11-21,ARWR,38.01,40.58,37.43,40.45,40.45,3506838.0,52.953586497890306,37.06,43.585,True,False
2025-11-24,ARWR,41.1,44.85,40.43,44.26,44.26,4006847.0,69.69883220651505,37.06,41.285,False,False
2025-11-25,ARWR,44.26,46.92,43.72,46.79,46.79,2951032.0,69.82864137086902,37.06,44.85,False,False
2025-11-26,ARWR,47.39,59.15,45.09,57.71,57.71,7066507.0,84.105461393597,37.43,46.92,False,False
2025-11-28,ARWR,56.39,56.67,52.08,52.7,52.7,2540659.0,71.5934594421289,40.43,59.15,False,False
2025-12-01,ARWR,52.37,57.27,52.23,56.25,56.25,3324108.0,74.03282532239157,43.72,59.15,False,False
2025-12-02,ARWR,55.91,59.27,55.75,57.95,57.95,2867395.0,74.07082235879427,45.09,59.15,False,False
2025-12-03,ARWR,58.63,66.23,58.63,65.075,65.075,4441856.0,78.69707630716974,52.08,59.27,False,False
2025-12-04,ARWR,64.4,67.14,64.19,64.66,64.66,3059404.0,78.44014510278114,52.23,66.23,False,False
2025-10-27,BBIO,57.0,65.0,56.74,63.56,63.56,8486846.0,73.57395254921758,52.75,55.565,False,False
2025-10-28,BBIO,63.02,64.61,62.51,64.5,64.5,3340065.0,73.38586680223692,52.75,65.0,False,False
2025-10-29,BBIO,69.37,69.48,63.0,66.62,66.62,7434955.0,77.79605263157896,54.23,65.0,False,False
2025-10-30,BBIO,66.07,67.75,62.705,63.37,63.37,4843434.0,66.53378094838438,56.74,69.48,False,False
2025-10-31,BBIO,63.88,64.32,62.06,62.64,62.64,2470591.0,63.86467413864673,62.51,69.48,False,False
2025-11-03,BBIO,62.74,64.19,60.79,61.98,61.98,2136951.0,61.31763733994216,62.06,69.48,False,False
2025-11-04,BBIO,61.42,61.905,60.22,61.37,61.37,1989302.0,59.59902794653704,60.79,67.75,False,False
2025-11-05,BBIO,61.37,63.41,60.74,62.66,62.66,2126014.0,65.64807219031991,60.22,64.32,True,False
2025-11-06,BBIO,62.73,64.44,62.15,62.73,62.73,3218860.0,66.04354971240754,60.22,64.19,False,False
2025-11-07,BBIO,62.73,63.26,60.55,61.8,61.8,2326272.0,61.583455191142654,60.22,64.44,False,False
2025-11-10,BBIO,62.13,63.23,62.06,62.81,62.81,1277168.0,68.32971800433839,60.55,64.44,False,False
2025-11-11,BBIO,63.12,66.72,62.06,66.58,66.58,2578836.0,75.9533073929961,60.55,64.44,False,False
2025-11-12,BBIO,66.07,67.93,65.1,66.22,66.22,2077836.0,74.34287956061199,60.55,66.72,False,False
2025-11-13,BBIO,65.13,67.28,64.95,65.06,65.06,1770744.0,70.61068702290076,62.06,67.93,False,False
2025-11-14,BBIO,64.0,67.71,63.905,66.39,66.39,1539499.0,57.76193088315963,62.06,67.93,True,False
2025-11-17,BBIO,65.69,67.49,65.4,66.9,66.9,2532810.0,56.74157303370789,63.905,67.93,False,False
2025-11-18,BBIO,65.59,66.94,64.34,65.59,65.59,2103058.0,46.96880517951736,63.905,67.71,False,False
2025-11-19,BBIO,65.535,65.96,64.5,65.54,65.54,1270385.0,57.86802030456856,63.905,67.71,False,False
2025-11-20,BBIO,66.4,67.25,64.47,64.62,64.62,2063219.0,57.0815450643777,64.34,67.49,False,True
2025-11-21,BBIO,64.64,69.3983,64.41,68.11,68.11,4127599.0,68.23319452706724,64.34,67.25,False,False
2025-11-24,BBIO,67.92,71.435,67.92,70.99,70.99,4530277.0,75.20964360587003,64.41,69.3983,False,False
2025-11-25,BBIO,70.675,71.65,69.53,70.63,70.63,1877075.0,71.95592286501378,64.41,71.435,False,False
2025-11-26,BBIO,70.98,72.26,70.1,71.72,71.72,1744599.0,73.44809598330727,64.41,71.65,False,False
2025-11-28,BBIO,71.06,72.28,70.9301,72.01,72.01,524469.0,77.5499190501889,67.92,72.26,False,False
2025-12-01,BBIO,72.01,72.47,71.07,71.78,71.78,2403210.0,75.26760563380282,69.53,72.28,False,False
2025-12-02,BBIO,72.17,73.45,71.35,71.46,71.46,2180682.0,67.06293706293704,70.1,72.47,False,False
2025-12-03,BBIO,71.94,74.34,71.16,74.15,74.15,2047068.0,73.84245339747443,70.9301,73.45,False,False
2025-12-04,BBIO,74.01,75.04,72.48,74.76,74.76,1347936.0,80.16169154228851,71.07,74.34,False,False
2025-10-27,BIIB,150.07,150.92,148.1001,150.43,150.43,1214395.0,45.67120622568095,146.25,151.92,False,False
2025-10-28,BIIB,150.01,150.3,148.365,149.13,149.13,1662855.0,45.53831231813774,147.57,151.92,False,False
2025-10-29,BIIB,148.82,149.91,147.5352,147.86,147.86,2450701.0,45.73794447150513,148.1001,151.92,False,False
2025-10-30,BIIB,140.1,154.44,138.0,149.61,149.61,2745188.0,57.90020790020793,147.5352,150.92,True,False
2025-10-31,BIIB,147.99,155.1799,146.5201,154.27,154.27,2235290.0,71.75295186194364,138.0,154.44,False,False
2025-11-03,BIIB,153.6,155.3337,149.63,151.44,151.44,2197357.0,62.64960792406103,138.0,155.1799,False,False
2025-11-04,BIIB,150.89,152.9,149.05,149.33,149.33,2029011.0,61.482381530984206,138.0,155.3337,False,False
2025-11-05,BIIB,149.66,153.68,148.5125,153.43,153.43,1806070.0,70.39065352318363,146.5201,155.3337,False,False
2025-11-06,BIIB,155.76,157.8,153.76,156.74,156.74,1848716.0,72.93057409879839,148.5125,155.3337,False,False
2025-11-07,BIIB,156.7,156.7,151.83,155.51,155.51,1552011.0,66.11030478955004,148.5125,157.8,False,False
2025-11-10,BIIB,155.41,156.55,153.77,156.26,156.26,1258595.0,67.99283154121858,148.5125,157.8,False,False
2025-11-11,BIIB,156.76,159.95,154.2,159.56,159.56,1504613.0,69.93265993265989,151.83,157.8,False,False
2025-11-12,BIIB,160.0,162.56,158.05,161.48,161.48,1659866.0,69.4805194805194,151.83,159.95,False,False
2025-11-13,BIIB,161.57,167.8699,161.2,164.73,164.73,2993001.0,72.95792079207921,153.77,162.56,False,False
2025-11-14,BIIB,164.72,169.0,163.0,167.55,167.55,2620813.0,74.73988439306358,154.2,167.8699,False,False
2025-11-17,BIIB,167.0,167.97,163.5,164.68,164.68,2245006.0,71.4957146806746,158.05,169.0,False,False
2025-11-18,BIIB,164.4,170.78,163.0,168.83,168.83,2257470.0,76.85019206145964,161.2,169.0,True,False
2025-11-19,BIIB,168.83,168.9,165.79,167.93,167.93,1765993.0,73.979057591623,163.0,170.78,False,False
2025-11-20,BIIB,168.15,170.91,165.75,168.18,168.18,1914503.0,70.58301272565845,163.0,170.78,False,False
2025-11-21,BIIB,168.54,176.02,167.42,175.3,175.3,2268169.0,81.32878151260502,163.0,170.91,False,False
2025-11-24,BIIB,177.65,185.17,175.5701,176.82,176.82,4164240.0,86.66311016271,165.75,176.02,False,False
2025-11-25,BIIB,177.07,182.97,176.09,181.96,181.96,2344782.0,87.02309888398645,165.75,185.17,False,False
2025-11-26,BIIB,181.96,183.93,180.76,181.94,181.94,1483073.0,85.75482406356404,167.42,185.17,False,False
2025-11-28,BIIB,182.07,182.74,180.685,182.09,182.09,566362.0,88.90515222482432,175.5701,185.17,False,False
2025-12-01,BIIB,180.15,181.78,175.88,177.78,177.78,1947020.0,78.525980911983,176.09,183.93,False,False
2025-12-02,BIIB,177.32,180.545,174.53,180.18,180.18,1866647.0,78.00108636610534,175.88,183.93,True,False
2025-12-03,BIIB,180.17,182.94,178.05,180.75,180.75,1845129.0,77.16380039469972,174.53,182.74,False,False
2025-12-04,BIIB,181.86,182.69,179.27,181.98,181.98,1233937.0,75.78475336322866,174.53,182.94,False,False
2025-10-27,BKR,47.78,48.2,46.12,46.6,46.6,8754034.0,41.61016949152545,46.72,50.42,False,False
2025-10-28,BKR,46.39,47.98,46.39,47.86,47.86,9193894.0,50.04055150040551,46.12,50.42,True,False
2025-10-29,BKR,47.7,48.845,47.58,48.32,48.32,7071667.0,51.68627450980392,46.12,50.42,False,False
2025-10-30,BKR,48.07,49.16,47.7031,48.58,48.58,6193545.0,67.42125984251967,46.12,48.845,False,False
2025-10-31,BKR,48.95,48.975,47.9477,48.41,48.41,6960458.0,64.77732793522264,46.39,49.16,False,False
2025-11-03,BKR,48.64,48.985,48.29,48.64,48.64,5343324.0,70.15873015873017,47.58,49.16,False,False
2025-11-04,BKR,47.7,48.23,45.905,45.97,45.97,10408840.0,56.37755102040816,47.7031,49.16,False,False
2025-11-05,BKR,46.13,47.66,45.82,47.04,47.04,7306763.0,59.478672985781984,45.905,48.985,False,False
2025-11-06,BKR,47.22,48.5,47.18,47.29,47.29,7690163.0,58.52869846402586,45.82,48.985,False,False
2025-11-07,BKR,47.31,47.93,46.71,47.87,47.87,5076321.0,56.70886075949365,45.82,48.5,False,False
2025-11-10,BKR,48.335,49.145,47.78,48.8,48.8,5492746.0,58.32656376929324,45.82,48.5,False,False
2025-11-11,BKR,48.93,49.5,48.74,48.95,48.95,5780891.0,56.92695214105795,46.71,49.145,False,False
2025-11-12,BKR,48.63,48.645,47.45,47.53,47.53,5723813.0,44.20783645655879,46.71,49.5,False,False
2025-11-13,BKR,47.505,48.49,47.23,47.51,47.51,5536196.0,51.032448377581126,47.45,49.5,False,False
2025-11-14,BKR,47.67,49.065,46.89,48.73,48.73,7976248.0,59.962581852198284,47.23,49.5,False,False
2025-11-17,BKR,48.87,49.53,47.56,47.88,47.88,5704274.0,50.09727626459145,46.89,49.065,False,False
2025-11-18,BKR,47.8,48.99,47.76,48.06,48.06,8977641.0,48.70000000000001,46.89,49.53,False,False
2025-11-19,BKR,47.26,48.595,47.18,48.48,48.48,6303873.0,49.50787401574803,46.89,49.53,False,False
2025-11-20,BKR,49.1,50.175,47.98,48.07,48.07,7986951.0,48.365384615384635,47.18,49.53,False,False
2025-11-21,BKR,47.97,49.45,47.77,48.88,48.88,8125893.0,51.0928961748634,47.18,50.175,False,False
2025-11-24,BKR,48.91,49.55,48.365,49.36,49.36,11197653.0,69.28327645051196,47.18,50.175,False,False
2025-11-25,BKR,49.16,49.56,48.71,49.43,49.43,5767341.0,65.34017971758666,47.77,50.175,False,False
2025-11-26,BKR,49.72,50.345,49.48,49.53,49.53,5567517.0,64.65968586387437,47.77,49.56,False,False
2025-11-28,BKR,49.29,50.53,49.15,50.2,50.2,3018518.0,65.07115135834415,48.365,50.345,True,False
2025-12-01,BKR,50.21,50.92,49.96,50.16,50.16,6417029.0,59.94152046783625,48.71,50.53,False,False
2025-12-02,BKR,50.095,50.12,48.61,49.48,49.48,6999755.0,53.59565807326997,49.15,50.92,False,False
2025-12-03,BKR,49.85,50.755,49.7,50.49,50.49,5273299.0,71.26436781609196,48.61,50.92,False,False
2025-12-04,BKR,50.435,51.12,49.925,50.61,50.61,6357347.0,71.9546742209632,48.61,50.92,False,False
2025-10-27,BKU,38.3,39.5,38.26,38.98,38.98,1136899.0,46.60336011687363,36.05,38.21,False,False
2025-10-28,BKU,38.985,40.99,38.69,39.78,39.78,1927111.0,49.1655076495132,36.71,39.5,False,False
2025-10-29,BKU,39.575,40.635,39.37,40.31,40.31,1895581.0,50.97250167672702,37.285,40.99,False,False
2025-10-30,BKU,40.065,41.4,39.72,39.86,39.86,1239667.0,58.41660261337431,38.26,40.99,False,False
2025-10-31,BKU,39.74,40.22,38.9,40.08,40.08,1074775.0,55.980471928397066,38.69,41.4,True,False
2025-11-03,BKU,39.6,40.68,39.21,40.67,40.67,1013034.0,54.23011844331641,38.9,41.4,False,False
2025-11-04,BKU,40.245,40.88,39.79,40.17,40.17,915906.0,55.163511187607575,38.9,41.4,False,False
2025-11-05,BKU,40.275,41.075,40.1655,40.43,40.43,899219.0,80.65296251511487,38.9,40.88,False,False
2025-11-06,BKU,40.375,40.705,39.7,40.16,40.16,994425.0,75.61929595827898,39.21,41.075,False,False
2025-11-07,BKU,40.115,40.38,39.51,40.26,40.26,1040066.0,73.58757062146888,39.7,41.075,False,False
2025-11-10,BKU,40.41,40.8,39.98,40.48,40.48,546401.0,75.20775623268692,39.51,41.075,False,False
2025-11-11,BKU,40.385,40.76,40.13,40.44,40.44,986625.0,72.43975903614452,39.51,40.8,False,False
2025-11-12,BKU,40.795,41.005,40.0,40.0,40.0,847389.0,73.88632872503838,39.51,40.8,False,True
2025-11-13,BKU,39.875,40.255,39.41,39.58,39.58,670691.0,64.18918918918916,39.98,41.005,False,False
2025-11-14,BKU,39.11,39.81,38.83,39.68,39.68,561253.0,57.08502024291499,39.41,41.005,False,False
2025-11-17,BKU,39.605,39.75,38.135,38.29,38.29,771965.0,36.52802893309222,38.83,41.005,False,False
2025-11-18,BKU,38.0101,39.25,38.0101,38.94,38.94,776246.0,37.87610619469024,38.135,40.255,False,False
2025-11-19,BKU,38.705,39.88,38.705,39.84,39.84,1243309.0,49.836065573770526,38.0101,39.81,False,False
2025-11-20,BKU,40.49,40.98,39.75,40.1,40.1,1769002.0,50.16286644951142,38.0101,39.88,False,False
2025-11-21,BKU,40.335,42.04,40.08,41.48,41.48,950539.0,55.84415584415581,38.0101,40.98,False,False
2025-11-24,BKU,41.445,41.92,41.22,41.58,41.58,1996565.0,60.79632465543642,38.705,42.04,False,False
2025-11-25,BKU,42.14,43.82,41.99,43.33,43.33,1561725.0,68.0798004987531,39.75,42.04,False,False
2025-11-26,BKU,43.3,43.795,43.14,43.29,43.29,926054.0,70.0898587933248,40.08,43.82,False,False
2025-11-28,BKU,43.13,43.39,42.8815,43.21,43.21,335570.0,68.98326898326901,41.22,43.82,False,False
2025-12-01,BKU,44.105,44.685,43.6,44.4,44.4,1188933.0,72.42562929061788,41.99,43.82,False,False
2025-12-02,BKU,44.26,44.73,43.835,44.02,44.02,869005.0,69.71365638766525,42.8815,44.685,False,False
2025-12-03,BKU,44.16,45.1069,44.1,44.56,44.56,931530.0,74.83660130718958,42.8815,44.73,False,False
2025-12-04,BKU,44.565,44.765,44.365,44.5,44.5,962628.0,77.89115646258507,43.6,45.1069,False,False
2025-10-27,BMY,43.755,43.82,43.21,43.39,43.39,21380710.0,35.7303370786517,43.515,45.225,False,False
2025-10-28,BMY,43.39,43.39,42.75,42.82,42.82,17960554.0,32.44897959183672,43.21,44.35,False,False
2025-10-29,BMY,42.82,43.15,42.52,42.6,42.6,16147096.0,29.116465863453783,42.75,43.935,False,False
2025-10-30,BMY,43.195,45.82,43.195,45.62,45.62,41931628.0,61.4010989010989,42.52,43.82,False,False
2025-10-31,BMY,45.38,46.5,45.2,46.07,46.07,21482913.0,67.30506155950755,42.52,45.82,False,False
2025-11-03,BMY,46.175,46.66,45.51,46.02,46.02,20374696.0,65.63380281690148,42.52,46.5,False,False
2025-11-04,BMY,45.49,46.595,45.38,45.59,45.59,16316828.0,63.48773841961857,43.195,46.66,False,False
2025-11-05,BMY,45.55,46.63,45.425,46.47,46.47,11730681.0,69.25000000000003,45.2,46.66,False,False
2025-11-06,BMY,46.42,47.0,45.96,46.63,46.63,11591200.0,68.93939393939397,45.38,46.66,False,False
2025-11-07,BMY,46.72,46.99,46.32,46.69,46.69,9007501.0,69.5214105793451,45.38,47.0,False,False
2025-11-10,BMY,46.67,47.395,46.67,47.26,47.26,10739260.0,67.989417989418,45.425,47.0,True,False
2025-11-11,BMY,47.48,48.74,47.45,48.72,48.72,14446012.0,74.40811724915447,45.96,47.395,False,False
2025-11-12,BMY,48.98,49.725,48.72,49.08,49.08,12717155.0,80.27681660899658,46.32,48.74,False,False
2025-11-13,BMY,49.42,49.99,48.48,48.63,48.63,14502621.0,76.31578947368429,46.67,49.725,False,True
2025-11-14,BMY,48.27,48.3675,46.12,46.65,46.65,19779277.0,65.29080675422139,47.45,49.99,False,False
2025-11-17,BMY,46.52,47.725,46.52,46.81,46.81,12851577.0,69.46341463414636,46.12,49.99,False,False
2025-11-18,BMY,46.76,47.64,46.76,47.06,47.06,14588773.0,71.69260700389107,46.12,49.99,False,False
2025-11-19,BMY,47.0,47.0,45.74,45.79,45.79,14825040.0,50.99648300117234,46.12,48.3675,False,False
2025-11-20,BMY,45.815,46.2,45.265,45.94,45.94,12137612.0,49.21020656136086,45.74,47.725,False,False
2025-11-21,BMY,46.2,46.99,45.52,46.25,46.25,14183520.0,51.35453474676087,45.265,47.64,False,False
2025-11-24,BMY,48.2,48.625,47.575,47.76,47.76,27383780.0,61.33751306165097,45.265,47.0,False,False
2025-11-25,BMY,48.17,49.4,48.1,49.05,49.05,14999966.0,62.92585170340679,45.265,48.625,False,False
2025-11-26,BMY,49.0,49.5,48.8,49.25,49.25,11373482.0,63.07385229540916,45.52,49.4,False,False
2025-11-28,BMY,49.21,49.3699,49.005,49.2,49.2,6187103.0,62.53746253746256,47.575,49.5,False,False
2025-12-01,BMY,49.23,49.86,48.76,49.18,49.18,11772868.0,60.14799154334038,48.1,49.5,False,False
2025-12-02,BMY,49.0,49.18,48.22,48.25,48.25,14475664.0,47.36842105263159,48.76,49.86,False,False
2025-12-03,BMY,49.94,51.34,49.425,50.96,50.96,27120129.0,58.33333333333334,48.22,49.86,False,False
2025-12-04,BMY,50.75,52.08,50.225,51.95,51.95,20467634.0,64.04399323181048,48.22,51.34,False,False
2025-10-27,BRKR,38.82,39.42,38.36,38.64,38.64,1991048.0,69.2452830188679,38.59,41.08,False,False
2025-10-28,BRKR,38.68,39.39,38.09,38.72,38.72,2118021.0,69.27426955702165,38.36,41.08,False,False
2025-10-29,BRKR,38.47,38.9688,37.45,37.74,37.74,2796210.0,58.7949465500486,38.09,41.08,False,False
2025-10-30,BRKR,37.36,37.72,36.17,36.4,36.4,3351920.0,55.10018214936245,37.45,39.42,False,False
2025-10-31,BRKR,36.31,39.215,36.06,38.94,38.94,4788366.0,60.779634049323775,36.17,39.39,True,False
2025-11-03,BRKR,37.745,39.87,37.0,38.71,38.71,4255168.0,58.75299760191846,36.06,39.215,False,False
2025-11-04,BRKR,38.625,40.69,38.28,40.38,40.38,5128439.0,65.07936507936506,36.06,39.87,False,False
2025-11-05,BRKR,39.45,40.74,39.19,40.2,40.2,3326642.0,58.305647840531556,36.06,40.69,False,False
2025-11-06,BRKR,40.07,40.435,38.75,39.31,39.31,2612070.0,59.948761742100785,37.0,40.74,False,False
2025-11-07,BRKR,38.71,40.08,38.43,39.93,39.93,2321527.0,58.12500000000001,38.28,40.74,False,False
2025-11-10,BRKR,40.11,40.98,39.91,40.78,40.78,1929865.0,58.787346221441126,38.43,40.74,False,False
2025-11-11,BRKR,40.6,41.81,40.5001,41.73,41.73,2282087.0,61.43092105263157,38.43,40.98,False,False
2025-11-12,BRKR,41.19,42.77,41.01,42.49,42.49,2800357.0,61.43092105263159,38.43,41.81,False,False
2025-11-13,BRKR,41.98,43.37,41.705,41.79,41.79,2669800.0,61.481481481481474,39.91,42.77,False,False
2025-11-14,BRKR,41.18,42.09,40.64,41.62,41.62,1776193.0,62.45819397993309,40.5001,43.37,False,False
2025-11-17,BRKR,41.47,42.69,40.905,41.77,41.77,2427166.0,62.67664172901082,40.64,43.37,False,False
2025-11-18,BRKR,41.7,43.15,41.5,42.66,42.66,2885376.0,70.60301507537685,40.64,43.37,False,False
2025-11-19,BRKR,42.66,43.72,42.66,43.39,43.39,2522809.0,80.84730803177405,40.64,43.15,False,False
2025-11-20,BRKR,44.36,45.74,43.61,43.84,43.84,2979597.0,76.51515151515153,40.905,43.72,False,False
2025-11-21,BRKR,44.2,47.525,43.84,47.27,47.27,2855310.0,84.40514469453373,41.5,45.74,False,False
2025-11-24,BRKR,47.03,47.805,46.2598,47.56,47.56,2156982.0,82.45931283905965,42.66,47.525,False,False
2025-11-25,BRKR,47.43,49.72,47.325,49.33,49.33,3009353.0,86.0869565217391,43.61,47.805,False,False
2025-11-26,BRKR,49.46,49.46,47.94,49.03,49.03,2520355.0,90.29850746268656,43.84,49.72,False,False
2025-11-28,BRKR,49.0,49.19,48.48,48.81,48.81,1048522.0,88.07890222984562,46.2598,49.72,False,False
2025-12-01,BRKR,48.62,49.39,47.575,47.86,47.86,2641663.0,80.10204081632651,47.325,49.72,False,False
2025-12-02,BRKR,47.82,48.26,47.03,47.29,47.29,2296485.0,74.42882249560631,47.575,49.46,False,False
2025-12-03,BRKR,47.29,48.8,47.29,47.86,47.86,1589247.0,73.99463806970508,47.03,49.39,True,False
2025-12-04,BRKR,47.39,48.835,45.37,48.38,48.38,2615284.0,79.92733878292461,47.03,49.39,False,False
2025-10-27,BXSL,26.9,27.1,26.7014,27.01,27.01,1610773.0,65.0717703349282,26.2,27.25,False,False
2025-10-28,BXSL,27.01,27.32,26.96,27.16,27.16,1684360.0,64.81927710843371,26.44,27.25,False,False
2025-10-29,BXSL,27.1,27.37,26.9366,27.03,27.03,1709545.0,73.90109890109888,26.685,27.32,False,False
2025-10-30,BXSL,26.97,27.0,26.17,26.39,26.39,2070830.0,67.08229426433913,26.7014,27.37,False,False
2025-10-31,BXSL,26.37,26.535,26.14,26.44,26.44,1481349.0,57.28155339805828,26.17,27.37,False,False
2025-11-03,BXSL,26.44,26.485,26.0,26.42,26.42,1234075.0,50.18587360594798,26.14,27.37,False,False
2025-11-04,BXSL,26.225,26.4,26.04,26.22,26.22,1455114.0,45.77464788732393,26.0,27.0,False,False
2025-11-05,BXSL,26.285,26.33,25.85,26.14,26.14,1363928.0,53.497942386831305,26.0,26.535,False,False
2025-11-06,BXSL,26.14,26.56,25.95,25.96,25.96,1583910.0,50.0,25.85,26.485,False,False
2025-11-07,BXSL,25.88,26.54,25.82,26.49,26.49,1927557.0,58.65384615384613,25.85,26.56,True,False
2025-11-10,BXSL,26.77,27.06,26.41,26.6,26.6,1862232.0,52.919708029197075,25.82,26.56,False,False
2025-11-11,BXSL,26.52,26.77,26.35,26.65,26.65,1491680.0,54.54545454545455,25.82,27.06,False,False
2025-11-12,BXSL,26.695,26.92,26.62,26.77,26.77,1476718.0,53.531598513011176,25.82,27.06,False,False
2025-11-13,BXSL,26.64,26.86,26.42,26.62,26.62,1749748.0,46.56488549618321,26.35,27.06,False,False
2025-11-14,BXSL,26.58,26.74,26.3601,26.66,26.66,1326401.0,42.85714285714281,26.35,26.92,True,False
2025-11-17,BXSL,26.558,26.6855,26.21,26.21,26.21,1822836.0,32.72727272727272,26.3601,26.92,False,False
2025-11-18,BXSL,26.03,26.4,25.8065,26.29,26.29,1458083.0,36.29629629629623,26.21,26.86,False,False
2025-11-19,BXSL,26.2,26.68,26.14,26.31,26.31,1315306.0,48.07692307692302,25.8065,26.74,False,False
2025-11-20,BXSL,26.425,26.72,25.81,26.15,26.15,2567560.0,43.378995433789875,25.8065,26.6855,False,True
2025-11-21,BXSL,26.2,26.7199,25.99,26.55,26.55,1440461.0,52.52918287937742,25.8065,26.72,False,False
2025-11-24,BXSL,26.61,26.88,26.41,26.87,26.87,1314063.0,62.081784386617166,25.81,26.72,False,False
2025-11-25,BXSL,26.88,27.345,26.84,27.24,27.24,1517115.0,68.45637583892618,25.81,26.88,False,False
2025-11-26,BXSL,27.34,27.685,27.2906,27.49,27.49,1453074.0,75.08196721311477,25.99,27.345,False,False
2025-11-28,BXSL,27.65,27.8199,27.521,27.59,27.59,712182.0,70.99236641221378,26.41,27.685,False,False
2025-12-01,BXSL,27.51,27.8165,27.485,27.61,27.61,1363732.0,69.9604743083004,26.84,27.8199,False,False
2025-12-02,BXSL,27.8,27.85,27.1901,27.44,27.44,1782229.0,64.90566037735857,27.2906,27.8199,False,True
2025-12-03,BXSL,27.545,28.09,27.545,28.09,28.09,1374579.0,70.75471698113213,27.1901,27.85,False,False
2025-12-04,BXSL,28.11,28.3,28.03,28.26,28.26,1516964.0,75.62500000000004,27.1901,28.09,False,False
2025-10-27,CADE,37.7,38.645,37.51,38.09,38.09,31608912.0,46.41564083997106,35.16,36.7,False,False
2025-10-28,CADE,37.75,38.36,37.495,37.89,37.89,14291632.0,43.95280235988201,35.16,38.645,False,False
2025-10-29,CADE,37.785,37.88,36.67,37.04,37.04,8777932.0,40.366972477064216,35.73,38.645,False,False
2025-10-30,CADE,36.97,37.82,36.8458,37.38,37.38,6680688.0,48.753016894609836,36.67,38.645,False,False
2025-10-31,CADE,37.4,37.8,36.92,37.74,37.74,4588852.0,46.96086594504581,36.67,38.36,False,False
2025-11-03,CADE,37.645,37.68,37.04,37.58,37.58,3517159.0,41.539838854073416,36.67,37.88,False,False
2025-11-04,CADE,37.265,37.48,36.84,37.23,37.23,3758267.0,41.990950226244344,36.8458,37.82,False,False
2025-11-05,CADE,37.405,37.685,37.08,37.31,37.31,5155146.0,59.371069182389924,36.84,37.8,False,False
2025-11-06,CADE,37.12,37.86,37.09,37.57,37.57,2743550.0,56.9333333333333,36.84,37.685,True,False
2025-11-07,CADE,37.31,38.43,37.3,38.43,38.43,3128492.0,58.74840357598975,36.84,37.86,False,False
2025-11-10,CADE,38.605,38.96,38.29,38.74,38.74,1881606.0,73.17436661698949,37.08,38.43,False,False
2025-11-11,CADE,38.65,39.0,38.5243,38.57,38.57,3068762.0,73.94578313253004,37.09,38.96,False,False
2025-11-12,CADE,38.69,39.38,38.62,38.86,38.86,2908666.0,74.96382054992758,37.3,39.0,False,False
2025-11-13,CADE,38.75,39.07,38.3,38.37,38.37,2329262.0,64.8734177215189,38.29,39.38,False,False
2025-11-14,CADE,37.94,38.59,37.74,38.41,38.41,3913193.0,53.361344537815036,38.3,39.38,False,False
2025-11-17,CADE,38.1948,38.4372,37.15,37.24,37.24,3616593.0,44.32809773123912,37.74,39.38,False,False
2025-11-18,CADE,37.135,37.83,36.96,37.51,37.51,2896589.0,54.56310679611649,37.15,39.07,False,False
2025-11-19,CADE,37.4,37.795,37.21,37.67,37.67,3686692.0,52.917505030181076,36.96,38.59,False,False
2025-11-20,CADE,37.94,38.36,37.375,37.43,37.43,2570837.0,46.80412371134019,36.96,38.4372,False,False
2025-11-21,CADE,37.71,39.35,37.57,38.96,38.96,3107966.0,61.09324758842445,36.96,38.36,False,False
2025-11-24,CADE,39.05,39.3,38.71,38.96,38.96,1844427.0,64.73594548551961,37.21,39.35,False,False
2025-11-25,CADE,39.12,39.73,39.02,39.62,39.62,4039765.0,67.90697674418601,37.375,39.35,False,False
2025-11-26,CADE,39.69,40.095,39.55,39.77,39.77,3249572.0,67.35015772870663,37.57,39.73,False,False
2025-11-28,CADE,39.9,40.035,39.71,39.84,39.84,754998.0,62.70270270270272,38.71,40.095,False,False
2025-12-01,CADE,39.645,40.56,39.53,40.55,40.55,2776840.0,65.21008403361341,39.02,40.095,True,False
2025-12-02,CADE,40.68,40.83,40.26,40.52,40.52,1284710.0,66.78141135972467,39.53,40.56,False,False
2025-12-03,CADE,40.62,41.88,40.52,41.86,41.86,2716330.0,71.86588921282804,39.53,40.83,False,False
2025-12-04,CADE,41.6,42.17,41.6,42.03,42.03,1608973.0,77.98165137614689,39.53,41.88,False,False
2025-10-27,CART,39.0,39.36,38.13,38.35,38.35,4930583.0,45.20958083832333,38.28,39.88,False,False
2025-10-28,CART,38.5,38.795,37.74,37.82,37.82,3836863.0,36.03053435114501,38.13,39.88,False,False
2025-10-29,CART,37.57,37.88,37.38,37.79,37.79,3477718.0,39.20265780730892,37.74,39.88,False,False
2025-10-30,CART,37.04,37.55,36.28,36.65,36.65,5008878.0,36.990595611285215,37.38,39.36,False,False
2025-10-31,CART,36.65,36.89,35.7,36.86,36.86,8176093.0,34.84602917341978,36.28,38.795,False,False
2025-11-03,CART,37.06,37.785,36.46,37.44,37.44,7368763.0,33.11148086522459,35.7,37.88,False,False
2025-11-04,CART,36.71,37.45,36.055,36.47,36.47,6752682.0,27.681159420289845,35.7,37.785,False,False
2025-11-05,CART,36.67,36.835,35.96,36.39,36.39,4842161.0,29.750778816199343,35.7,37.785,False,False
2025-11-06,CART,36.31,36.31,34.78,34.98,34.98,6520906.0,26.057298772169133,35.96,37.785,False,False
2025-11-07,CART,35.04,36.99,35.0,36.75,36.75,15132410.0,37.268518518518505,34.78,37.45,False,False
2025-11-10,CART,38.69,38.8,35.25,37.33,37.33,12557587.0,41.85022026431716,34.78,36.99,False,False
2025-11-11,CART,38.035,40.28,38.035,39.2,39.2,12707959.0,48.688046647230344,34.78,38.8,False,False
2025-11-12,CART,39.63,40.35,39.28,39.41,39.41,6460835.0,49.952153110047824,35.0,40.28,False,False
2025-11-13,CART,39.44,40.7386,39.44,40.33,40.33,6075529.0,55.31531531531531,35.25,40.35,False,False
2025-11-14,CART,39.54,41.745,39.54,41.05,41.05,8065030.0,62.25045372050814,38.035,40.7386,False,False
2025-11-17,CART,40.66,41.935,40.29,40.51,40.51,8638591.0,62.19401631912963,39.28,41.745,False,False
2025-11-18,CART,40.71,41.84,40.5101,41.23,41.23,5292007.0,64.67576791808872,39.44,41.935,False,False
2025-11-19,CART,41.25,41.788,41.0001,41.43,41.43,4976206.0,72.17068645640074,39.54,41.935,False,False
2025-11-20,CART,41.4,41.95,40.08,40.14,40.14,5787036.0,63.82799325463744,40.29,41.935,False,False
2025-11-21,CART,40.02,41.05,39.64,40.19,40.19,5627448.0,62.13592233009709,40.08,41.95,False,False
2025-11-24,CART,40.39,41.095,40.27,40.44,40.44,5475604.0,68.70876531573987,39.64,41.95,False,False
2025-11-25,CART,40.74,42.645,40.7,42.19,42.19,5553727.0,73.61563517915309,39.64,41.95,False,False
2025-11-26,CART,42.13,42.7299,41.865,42.2,42.2,3876324.0,83.18014705882355,39.64,42.645,False,False
2025-11-28,CART,42.33,42.6,41.93,42.01,42.01,2321581.0,78.27956989247309,40.27,42.7299,False,True
2025-12-01,CART,41.76,42.86,41.41,42.79,42.79,5315996.0,78.73684210526314,40.7,42.7299,True,False
2025-12-02,CART,41.68,41.951,41.07,41.53,41.53,6740491.0,63.10461192350955,41.41,42.86,False,False
2025-12-03,CART,41.6,42.9255,41.51,42.62,42.62,3422514.0,66.42784032753326,41.07,42.86,False,False
2025-12-04,CART,42.62,43.35,42.56,43.131,43.131,3426566.0,64.9610084392693,41.07,42.9255,False,False
